config	seed	checkpoint	glue_task	accuracy	hidden_size	layers	config_short	num_params
layers_1_hs_192_heads_12_cl_256	0	5	boolq	0.589211642742157	192	1	1*192	740160
layers_1_hs_192_heads_12_cl_256	0	5	cola	0.6938174962997437	192	1	1*192	740160
layers_1_hs_192_heads_12_cl_256	0	5	mnli	0.5527278184890747	192	1	1*192	740160
layers_1_hs_192_heads_12_cl_256	0	5	mnli-mm	0.5576066374778748	192	1	1*192	740160
layers_1_hs_192_heads_12_cl_256	0	5	mrpc	0.694915235042572	192	1	1*192	740160
layers_1_hs_192_heads_12_cl_256	0	5	multirc	0.49835705757141113	192	1	1*192	740160
layers_1_hs_192_heads_12_cl_256	0	5	qnli	0.5975503325462341	192	1	1*192	740160
layers_1_hs_192_heads_12_cl_256	0	5	qqp	0.755178689956665	192	1	1*192	740160
layers_1_hs_192_heads_12_cl_256	0	5	rte	0.4747474789619446	192	1	1*192	740160
layers_1_hs_192_heads_12_cl_256	0	5	sst2	0.8248031735420227	192	1	1*192	740160
layers_1_hs_192_heads_12_cl_256	0	5	wsc	0.4819277226924896	192	1	1*192	740160
layers_1_hs_384_heads_12_cl_256	0	5	boolq	0.5961272716522217	384	1	1*384	2365056
layers_1_hs_384_heads_12_cl_256	0	5	cola	0.6957801580429077	384	1	1*384	2365056
layers_1_hs_384_heads_12_cl_256	0	5	mnli	0.5586711168289185	384	1	1*384	2365056
layers_1_hs_384_heads_12_cl_256	0	5	mnli-mm	0.5712921619415283	384	1	1*384	2365056
layers_1_hs_384_heads_12_cl_256	0	5	mrpc	0.694915235042572	384	1	1*384	2365056
layers_1_hs_384_heads_12_cl_256	0	5	multirc	0.5180723071098328	384	1	1*384	2365056
layers_1_hs_384_heads_12_cl_256	0	5	qnli	0.611985981464386	384	1	1*384	2365056
layers_1_hs_384_heads_12_cl_256	0	5	qqp	0.7576332092285156	384	1	1*384	2365056
layers_1_hs_384_heads_12_cl_256	0	5	rte	0.5656565427780151	384	1	1*384	2365056
layers_1_hs_384_heads_12_cl_256	0	5	sst2	0.8287401795387268	384	1	1*384	2365056
layers_1_hs_384_heads_12_cl_256	0	5	wsc	0.5180723071098328	384	1	1*384	2365056
layers_1_hs_768_heads_12_cl_256	0	5	boolq	0.5919778943061829	768	1	1*768	7089408
layers_1_hs_768_heads_12_cl_256	0	5	cola	0.6938174962997437	768	1	1*768	7089408
layers_1_hs_768_heads_12_cl_256	0	5	mnli	0.5772630572319031	768	1	1*768	7089408
layers_1_hs_768_heads_12_cl_256	0	5	mnli-mm	0.5663589835166931	768	1	1*768	7089408
layers_1_hs_768_heads_12_cl_256	0	5	mrpc	0.694915235042572	768	1	1*768	7089408
layers_1_hs_768_heads_12_cl_256	0	5	multirc	0.5136911273002625	768	1	1*768	7089408
layers_1_hs_768_heads_12_cl_256	0	5	qnli	0.6045494079589844	768	1	1*768	7089408
layers_1_hs_768_heads_12_cl_256	0	5	qqp	0.7690877318382263	768	1	1*768	7089408
layers_1_hs_768_heads_12_cl_256	0	5	rte	0.6060606241226196	768	1	1*768	7089408
layers_1_hs_768_heads_12_cl_256	0	5	sst2	0.8464567065238953	768	1	1*768	7089408
layers_1_hs_768_heads_12_cl_256	0	5	wsc	0.5421686768531799	768	1	1*768	7089408
layers_1_hs_1536_heads_12_cl_256	0	5	boolq	0.6002766489982605	1536	1	1*1536	30693888
layers_1_hs_1536_heads_12_cl_256	0	5	cola	0.6957801580429077	1536	1	1*1536	30693888
layers_1_hs_1536_heads_12_cl_256	0	5	mnli	0.5310880541801453	1536	1	1*1536	30693888
layers_1_hs_1536_heads_12_cl_256	0	5	mnli-mm	0.5367600321769714	1536	1	1*1536	30693888
layers_1_hs_1536_heads_12_cl_256	0	5	mrpc	0.694915235042572	1536	1	1*1536	30693888
layers_1_hs_1536_heads_12_cl_256	0	5	multirc	0.49616649746894836	1536	1	1*1536	30693888
layers_1_hs_1536_heads_12_cl_256	0	5	qnli	0.6010498404502869	1536	1	1*1536	30693888
layers_1_hs_1536_heads_12_cl_256	0	5	qqp	0.7364721894264221	1536	1	1*1536	30693888
layers_1_hs_1536_heads_12_cl_256	0	5	rte	0.5050504803657532	1536	1	1*1536	30693888
layers_1_hs_1536_heads_12_cl_256	0	5	sst2	0.8287401795387268	1536	1	1*1536	30693888
layers_1_hs_1536_heads_12_cl_256	0	5	wsc	0.4939759075641632	1536	1	1*1536	30693888
layers_1_hs_1536_heads_12_cl_256	13	5	boolq	0.5961272716522217	1536	1	1*1536	30693888
layers_1_hs_1536_heads_12_cl_256	13	5	cola	0.6947988271713257	1536	1	1*1536	30693888
layers_1_hs_1536_heads_12_cl_256	13	5	mnli	0.5344406962394714	1536	1	1*1536	30693888
layers_1_hs_1536_heads_12_cl_256	13	5	mnli-mm	0.5450350046157837	1536	1	1*1536	30693888
layers_1_hs_1536_heads_12_cl_256	13	5	mrpc	0.694915235042572	1536	1	1*1536	30693888
layers_1_hs_1536_heads_12_cl_256	13	5	multirc	0.5158817172050476	1536	1	1*1536	30693888
layers_1_hs_1536_heads_12_cl_256	13	5	qnli	0.6032370924949646	1536	1	1*1536	30693888
layers_1_hs_1536_heads_12_cl_256	13	5	qqp	0.734203577041626	1536	1	1*1536	30693888
layers_1_hs_1536_heads_12_cl_256	13	5	rte	0.6060606241226196	1536	1	1*1536	30693888
layers_1_hs_1536_heads_12_cl_256	13	5	sst2	0.8464567065238953	1536	1	1*1536	30693888
layers_1_hs_1536_heads_12_cl_256	13	5	wsc	0.5662650465965271	1536	1	1*1536	30693888
layers_2_hs_192_heads_12_cl_256	13	5	boolq	0.5767635107040405	192	2	2*192	1185024
layers_2_hs_192_heads_12_cl_256	13	5	cola	0.6938174962997437	192	2	2*192	1185024
layers_2_hs_192_heads_12_cl_256	13	5	mnli	0.5073148608207703	192	2	2*192	1185024
layers_2_hs_192_heads_12_cl_256	13	5	mnli-mm	0.5286442041397095	192	2	2*192	1185024
layers_2_hs_192_heads_12_cl_256	13	5	mrpc	0.694915235042572	192	2	2*192	1185024
layers_2_hs_192_heads_12_cl_256	13	5	multirc	0.4950712025165558	192	2	2*192	1185024
layers_2_hs_192_heads_12_cl_256	13	5	qnli	0.6014873385429382	192	2	2*192	1185024
layers_2_hs_192_heads_12_cl_256	13	5	qqp	0.7150507569313049	192	2	2*192	1185024
layers_2_hs_192_heads_12_cl_256	13	5	rte	0.5050504803657532	192	2	2*192	1185024
layers_2_hs_192_heads_12_cl_256	13	5	sst2	0.8444882035255432	192	2	2*192	1185024
layers_2_hs_192_heads_12_cl_256	13	5	wsc	0.46987950801849365	192	2	2*192	1185024
layers_2_hs_192_heads_12_cl_256	0	5	boolq	0.5836791396141052	192	2	2*192	1185024
layers_2_hs_192_heads_12_cl_256	0	5	cola	0.6947988271713257	192	2	2*192	1185024
layers_2_hs_192_heads_12_cl_256	0	5	mnli	0.5249924063682556	192	2	2*192	1185024
layers_2_hs_192_heads_12_cl_256	0	5	mnli-mm	0.5291215777397156	192	2	2*192	1185024
layers_2_hs_192_heads_12_cl_256	0	5	mrpc	0.694915235042572	192	2	2*192	1185024
layers_2_hs_192_heads_12_cl_256	0	5	multirc	0.514786422252655	192	2	2*192	1185024
layers_2_hs_192_heads_12_cl_256	0	5	qnli	0.6014873385429382	192	2	2*192	1185024
layers_2_hs_192_heads_12_cl_256	0	5	qqp	0.7131540775299072	192	2	2*192	1185024
layers_2_hs_192_heads_12_cl_256	0	5	rte	0.5454545617103577	192	2	2*192	1185024
layers_2_hs_192_heads_12_cl_256	0	5	sst2	0.8503937125205994	192	2	2*192	1185024
layers_2_hs_192_heads_12_cl_256	0	5	wsc	0.5662650465965271	192	2	2*192	1185024
layers_2_hs_384_heads_12_cl_256	13	5	boolq	0.5988935232162476	384	2	2*384	4139520
layers_2_hs_384_heads_12_cl_256	13	5	cola	0.6947988271713257	384	2	2*384	4139520
layers_2_hs_384_heads_12_cl_256	13	5	mnli	0.539774477481842	384	2	2*384	4139520
layers_2_hs_384_heads_12_cl_256	13	5	mnli-mm	0.5445576310157776	384	2	2*384	4139520
layers_2_hs_384_heads_12_cl_256	13	5	mrpc	0.694915235042572	384	2	2*384	4139520
layers_2_hs_384_heads_12_cl_256	13	5	multirc	0.46440306305885315	384	2	2*384	4139520
layers_2_hs_384_heads_12_cl_256	13	5	qnli	0.6001749634742737	384	2	2*384	4139520
layers_2_hs_384_heads_12_cl_256	13	5	qqp	0.7214846014976501	384	2	2*384	4139520
layers_2_hs_384_heads_12_cl_256	13	5	rte	0.5151515007019043	384	2	2*384	4139520
layers_2_hs_384_heads_12_cl_256	13	5	sst2	0.8503937125205994	384	2	2*384	4139520
layers_2_hs_384_heads_12_cl_256	13	5	wsc	0.5903614163398743	384	2	2*384	4139520
layers_2_hs_384_heads_12_cl_256	0	5	boolq	0.5975103974342346	384	2	2*384	4139520
layers_2_hs_384_heads_12_cl_256	0	5	cola	0.6938174962997437	384	2	2*384	4139520
layers_2_hs_384_heads_12_cl_256	0	5	mnli	0.5327643752098083	384	2	2*384	4139520
layers_2_hs_384_heads_12_cl_256	0	5	mnli-mm	0.54328453540802	384	2	2*384	4139520
layers_2_hs_384_heads_12_cl_256	0	5	mrpc	0.694915235042572	384	2	2*384	4139520
layers_2_hs_384_heads_12_cl_256	0	5	multirc	0.5180723071098328	384	2	2*384	4139520
layers_2_hs_384_heads_12_cl_256	0	5	qnli	0.6102362275123596	384	2	2*384	4139520
layers_2_hs_384_heads_12_cl_256	0	5	qqp	0.735244870185852	384	2	2*384	4139520
layers_2_hs_384_heads_12_cl_256	0	5	rte	0.4848484992980957	384	2	2*384	4139520
layers_2_hs_384_heads_12_cl_256	0	5	sst2	0.8562992215156555	384	2	2*384	4139520
layers_2_hs_384_heads_12_cl_256	0	5	wsc	0.5180723071098328	384	2	2*384	4139520
layers_2_hs_768_heads_12_cl_256	13	5	boolq	0.589211642742157	768	2	2*768	14177280
layers_2_hs_768_heads_12_cl_256	13	5	cola	0.6947988271713257	768	2	2*768	14177280
layers_2_hs_768_heads_12_cl_256	13	5	mnli	0.5428223013877869	768	2	2*768	14177280
layers_2_hs_768_heads_12_cl_256	13	5	mnli-mm	0.5521960258483887	768	2	2*768	14177280
layers_2_hs_768_heads_12_cl_256	13	5	mrpc	0.694915235042572	768	2	2*768	14177280
layers_2_hs_768_heads_12_cl_256	13	5	multirc	0.5169770121574402	768	2	2*768	14177280
layers_2_hs_768_heads_12_cl_256	13	5	qnli	0.6076115369796753	768	2	2*768	14177280
layers_2_hs_768_heads_12_cl_256	13	5	qqp	0.7383688688278198	768	2	2*768	14177280
layers_2_hs_768_heads_12_cl_256	13	5	rte	0.5353535413742065	768	2	2*768	14177280
layers_2_hs_768_heads_12_cl_256	13	5	sst2	0.8602362275123596	768	2	2*768	14177280
layers_2_hs_768_heads_12_cl_256	13	5	wsc	0.5421686768531799	768	2	2*768	14177280
layers_2_hs_768_heads_12_cl_256	0	5	boolq	0.5809128880500793	768	2	2*768	14177280
layers_2_hs_768_heads_12_cl_256	0	5	cola	0.6947988271713257	768	2	2*768	14177280
layers_2_hs_768_heads_12_cl_256	0	5	mnli	0.5476988554000854	768	2	2*768	14177280
layers_2_hs_768_heads_12_cl_256	0	5	mnli-mm	0.5518777966499329	768	2	2*768	14177280
layers_2_hs_768_heads_12_cl_256	0	5	mrpc	0.694915235042572	768	2	2*768	14177280
layers_2_hs_768_heads_12_cl_256	0	5	multirc	0.4939759075641632	768	2	2*768	14177280
layers_2_hs_768_heads_12_cl_256	0	5	qnli	0.616797924041748	768	2	2*768	14177280
layers_2_hs_768_heads_12_cl_256	0	5	qqp	0.7448770999908447	768	2	2*768	14177280
layers_2_hs_768_heads_12_cl_256	0	5	rte	0.5656565427780151	768	2	2*768	14177280
layers_2_hs_768_heads_12_cl_256	0	5	sst2	0.8622047305107117	768	2	2*768	14177280
layers_2_hs_768_heads_12_cl_256	0	5	wsc	0.5180723071098328	768	2	2*768	14177280
layers_2_hs_1536_heads_12_cl_256	13	5	boolq	0.6016597747802734	1536	2	2*1536	59025408
layers_2_hs_1536_heads_12_cl_256	13	5	cola	0.6928361058235168	1536	2	2*1536	59025408
layers_2_hs_1536_heads_12_cl_256	13	5	mnli	0.5758914947509766	1536	2	2*1536	59025408
layers_2_hs_1536_heads_12_cl_256	13	5	mnli-mm	0.5919796228408813	1536	2	2*1536	59025408
layers_2_hs_1536_heads_12_cl_256	13	5	mrpc	0.694915235042572	1536	2	2*1536	59025408
layers_2_hs_1536_heads_12_cl_256	13	5	multirc	0.5082146525382996	1536	2	2*1536	59025408
layers_2_hs_1536_heads_12_cl_256	13	5	qnli	0.6115485429763794	1536	2	2*1536	59025408
layers_2_hs_1536_heads_12_cl_256	13	5	qqp	0.7548068165779114	1536	2	2*1536	59025408
layers_2_hs_1536_heads_12_cl_256	13	5	rte	0.4848484992980957	1536	2	2*1536	59025408
layers_2_hs_1536_heads_12_cl_256	13	5	sst2	0.8543307185173035	1536	2	2*1536	59025408
layers_2_hs_1536_heads_12_cl_256	13	5	wsc	0.5060241222381592	1536	2	2*1536	59025408
layers_2_hs_1536_heads_12_cl_256	0	5	boolq	0.589211642742157	1536	2	2*1536	59025408
layers_2_hs_1536_heads_12_cl_256	0	5	cola	0.6938174962997437	1536	2	2*1536	59025408
layers_2_hs_1536_heads_12_cl_256	0	5	mnli	0.5659859776496887	1536	2	2*1536	59025408
layers_2_hs_1536_heads_12_cl_256	0	5	mnli-mm	0.5709738731384277	1536	2	2*1536	59025408
layers_2_hs_1536_heads_12_cl_256	0	5	mrpc	0.694915235042572	1536	2	2*1536	59025408
layers_2_hs_1536_heads_12_cl_256	0	5	multirc	0.5410733819007874	1536	2	2*1536	59025408
layers_2_hs_1536_heads_12_cl_256	0	5	qnli	0.6237969994544983	1536	2	2*1536	59025408
layers_2_hs_1536_heads_12_cl_256	0	5	qqp	0.7508274912834167	1536	2	2*1536	59025408
layers_2_hs_1536_heads_12_cl_256	0	5	rte	0.5454545617103577	1536	2	2*1536	59025408
layers_2_hs_1536_heads_12_cl_256	0	5	sst2	0.8661417365074158	1536	2	2*1536	59025408
layers_2_hs_1536_heads_12_cl_256	0	5	wsc	0.5903614163398743	1536	2	2*1536	59025408
layers_4_hs_192_heads_12_cl_256	0	5	boolq	0.5919778943061829	192	4	4*192	2074752
layers_4_hs_192_heads_12_cl_256	0	5	cola	0.6947988271713257	192	4	4*192	2074752
layers_4_hs_192_heads_12_cl_256	0	5	mnli	0.5304785370826721	192	4	4*192	2074752
layers_4_hs_192_heads_12_cl_256	0	5	mnli-mm	0.5388287901878357	192	4	4*192	2074752
layers_4_hs_192_heads_12_cl_256	0	5	mrpc	0.694915235042572	192	4	4*192	2074752
layers_4_hs_192_heads_12_cl_256	0	5	multirc	0.4939759075641632	192	4	4*192	2074752
layers_4_hs_192_heads_12_cl_256	0	5	qnli	0.6146106719970703	192	4	4*192	2074752
layers_4_hs_192_heads_12_cl_256	0	5	qqp	0.7217077612876892	192	4	4*192	2074752
layers_4_hs_192_heads_12_cl_256	0	5	rte	0.49494948983192444	192	4	4*192	2074752
layers_4_hs_192_heads_12_cl_256	0	5	sst2	0.8661417365074158	192	4	4*192	2074752
layers_4_hs_192_heads_12_cl_256	0	5	wsc	0.6265060305595398	192	4	4*192	2074752
layers_4_hs_192_heads_12_cl_256	13	5	boolq	0.5919778943061829	192	4	4*192	2074752
layers_4_hs_192_heads_12_cl_256	13	5	cola	0.6947988271713257	192	4	4*192	2074752
layers_4_hs_192_heads_12_cl_256	13	5	mnli	0.5515086650848389	192	4	4*192	2074752
layers_4_hs_192_heads_12_cl_256	13	5	mnli-mm	0.5722469687461853	192	4	4*192	2074752
layers_4_hs_192_heads_12_cl_256	13	5	mrpc	0.694915235042572	192	4	4*192	2074752
layers_4_hs_192_heads_12_cl_256	13	5	multirc	0.5268346071243286	192	4	4*192	2074752
layers_4_hs_192_heads_12_cl_256	13	5	qnli	0.6163604259490967	192	4	4*192	2074752
layers_4_hs_192_heads_12_cl_256	13	5	qqp	0.7386663556098938	192	4	4*192	2074752
layers_4_hs_192_heads_12_cl_256	13	5	rte	0.4848484992980957	192	4	4*192	2074752
layers_4_hs_192_heads_12_cl_256	13	5	sst2	0.8523622155189514	192	4	4*192	2074752
layers_4_hs_192_heads_12_cl_256	13	5	wsc	0.6024096608161926	192	4	4*192	2074752
layers_4_hs_384_heads_12_cl_256	13	5	boolq	0.6058091521263123	384	4	4*384	7688448
layers_4_hs_384_heads_12_cl_256	13	5	cola	0.6938174962997437	384	4	4*384	7688448
layers_4_hs_384_heads_12_cl_256	13	5	mnli	0.6179518699645996	384	4	4*384	7688448
layers_4_hs_384_heads_12_cl_256	13	5	mnli-mm	0.6409929990768433	384	4	4*384	7688448
layers_4_hs_384_heads_12_cl_256	13	5	mrpc	0.694915235042572	384	4	4*384	7688448
layers_4_hs_384_heads_12_cl_256	13	5	multirc	0.48521357774734497	384	4	4*384	7688448
layers_4_hs_384_heads_12_cl_256	13	5	qnli	0.7607173919677734	384	4	4*384	7688448
layers_4_hs_384_heads_12_cl_256	13	5	qqp	0.766038179397583	384	4	4*384	7688448
layers_4_hs_384_heads_12_cl_256	13	5	rte	0.4747474789619446	384	4	4*384	7688448
layers_4_hs_384_heads_12_cl_256	13	5	sst2	0.8543307185173035	384	4	4*384	7688448
layers_4_hs_384_heads_12_cl_256	13	5	wsc	0.5301204919815063	384	4	4*384	7688448
layers_4_hs_384_heads_12_cl_256	0	5	boolq	0.5961272716522217	384	4	4*384	7688448
layers_4_hs_384_heads_12_cl_256	0	5	cola	0.6947988271713257	384	4	4*384	7688448
layers_4_hs_384_heads_12_cl_256	0	5	mnli	0.5559280514717102	384	4	4*384	7688448
layers_4_hs_384_heads_12_cl_256	0	5	mnli-mm	0.5706556439399719	384	4	4*384	7688448
layers_4_hs_384_heads_12_cl_256	0	5	mrpc	0.694915235042572	384	4	4*384	7688448
layers_4_hs_384_heads_12_cl_256	0	5	multirc	0.5377874970436096	384	4	4*384	7688448
layers_4_hs_384_heads_12_cl_256	0	5	qnli	0.6224846839904785	384	4	4*384	7688448
layers_4_hs_384_heads_12_cl_256	0	5	qqp	0.7434638738632202	384	4	4*384	7688448
layers_4_hs_384_heads_12_cl_256	0	5	rte	0.5454545617103577	384	4	4*384	7688448
layers_4_hs_384_heads_12_cl_256	0	5	sst2	0.8425197005271912	384	4	4*384	7688448
layers_4_hs_384_heads_12_cl_256	0	5	wsc	0.5180723071098328	384	4	4*384	7688448
layers_4_hs_768_heads_12_cl_256	13	5	boolq	0.589211642742157	768	4	4*768	28353024
layers_4_hs_768_heads_12_cl_256	13	5	cola	0.6947988271713257	768	4	4*768	28353024
layers_4_hs_768_heads_12_cl_256	13	5	mnli	0.6371533274650574	768	4	4*768	28353024
layers_4_hs_768_heads_12_cl_256	13	5	mnli-mm	0.6645448803901672	768	4	4*768	28353024
layers_4_hs_768_heads_12_cl_256	13	5	mrpc	0.694915235042572	768	4	4*768	28353024
layers_4_hs_768_heads_12_cl_256	13	5	multirc	0.525739312171936	768	4	4*768	28353024
layers_4_hs_768_heads_12_cl_256	13	5	qnli	0.7769029140472412	768	4	4*768	28353024
layers_4_hs_768_heads_12_cl_256	13	5	qqp	0.7793521285057068	768	4	4*768	28353024
layers_4_hs_768_heads_12_cl_256	13	5	rte	0.5050504803657532	768	4	4*768	28353024
layers_4_hs_768_heads_12_cl_256	13	5	sst2	0.8661417365074158	768	4	4*768	28353024
layers_4_hs_768_heads_12_cl_256	13	5	wsc	0.45783132314682007	768	4	4*768	28353024
layers_4_hs_768_heads_12_cl_256	0	5	boolq	0.6099585294723511	768	4	4*768	28353024
layers_4_hs_768_heads_12_cl_256	0	5	cola	0.6957801580429077	768	4	4*768	28353024
layers_4_hs_768_heads_12_cl_256	0	5	mnli	0.6382200717926025	768	4	4*768	28353024
layers_4_hs_768_heads_12_cl_256	0	5	mnli-mm	0.6726607084274292	768	4	4*768	28353024
layers_4_hs_768_heads_12_cl_256	0	5	mrpc	0.694915235042572	768	4	4*768	28353024
layers_4_hs_768_heads_12_cl_256	0	5	multirc	0.5049288272857666	768	4	4*768	28353024
layers_4_hs_768_heads_12_cl_256	0	5	qnli	0.7760279774665833	768	4	4*768	28353024
layers_4_hs_768_heads_12_cl_256	0	5	qqp	0.7749265432357788	768	4	4*768	28353024
layers_4_hs_768_heads_12_cl_256	0	5	rte	0.49494948983192444	768	4	4*768	28353024
layers_4_hs_768_heads_12_cl_256	0	5	sst2	0.8523622155189514	768	4	4*768	28353024
layers_4_hs_768_heads_12_cl_256	0	5	wsc	0.45783132314682007	768	4	4*768	28353024
layers_4_hs_1536_heads_12_cl_256	13	5	boolq	0.5864453911781311	1536	4	4*1536	115688448
layers_4_hs_1536_heads_12_cl_256	13	5	cola	0.7036309838294983	1536	4	4*1536	115688448
layers_4_hs_1536_heads_12_cl_256	13	5	mnli	0.6528497338294983	1536	4	4*1536	115688448
layers_4_hs_1536_heads_12_cl_256	13	5	mnli-mm	0.6815722584724426	1536	4	4*1536	115688448
layers_4_hs_1536_heads_12_cl_256	13	5	mrpc	0.694915235042572	1536	4	4*1536	115688448
layers_4_hs_1536_heads_12_cl_256	13	5	multirc	0.5290251970291138	1536	4	4*1536	115688448
layers_4_hs_1536_heads_12_cl_256	13	5	qnli	0.8027121424674988	1536	4	4*1536	115688448
layers_4_hs_1536_heads_12_cl_256	13	5	qqp	0.7969430088996887	1536	4	4*1536	115688448
layers_4_hs_1536_heads_12_cl_256	13	5	rte	0.5151515007019043	1536	4	4*1536	115688448
layers_4_hs_1536_heads_12_cl_256	13	5	sst2	0.8464567065238953	1536	4	4*1536	115688448
layers_4_hs_1536_heads_12_cl_256	13	5	wsc	0.6024096608161926	1536	4	4*1536	115688448
layers_4_hs_1536_heads_12_cl_256	0	5	boolq	0.5988935232162476	1536	4	4*1536	115688448
layers_4_hs_1536_heads_12_cl_256	0	5	cola	0.6928361058235168	1536	4	4*1536	115688448
layers_4_hs_1536_heads_12_cl_256	0	5	mnli	0.6537640690803528	1536	4	4*1536	115688448
layers_4_hs_1536_heads_12_cl_256	0	5	mnli-mm	0.6771165132522583	1536	4	4*1536	115688448
layers_4_hs_1536_heads_12_cl_256	0	5	mrpc	0.694915235042572	1536	4	4*1536	115688448
layers_4_hs_1536_heads_12_cl_256	0	5	multirc	0.5301204919815063	1536	4	4*1536	115688448
layers_4_hs_1536_heads_12_cl_256	0	5	qnli	0.7900262475013733	1536	4	4*1536	115688448
layers_4_hs_1536_heads_12_cl_256	0	5	qqp	0.7987653017044067	1536	4	4*1536	115688448
layers_4_hs_1536_heads_12_cl_256	0	5	rte	0.6363636255264282	1536	4	4*1536	115688448
layers_4_hs_1536_heads_12_cl_256	0	5	sst2	0.8700787425041199	1536	4	4*1536	115688448
layers_4_hs_1536_heads_12_cl_256	0	5	wsc	0.5060241222381592	1536	4	4*1536	115688448
layers_8_hs_192_heads_12_cl_256	13	5	boolq	0.6016597747802734	192	8	8*192	3854208
layers_8_hs_192_heads_12_cl_256	13	5	cola	0.6947988271713257	192	8	8*192	3854208
layers_8_hs_192_heads_12_cl_256	13	5	mnli	0.6705272793769836	192	8	8*192	3854208
layers_8_hs_192_heads_12_cl_256	13	5	mnli-mm	0.6938256025314331	192	8	8*192	3854208
layers_8_hs_192_heads_12_cl_256	13	5	mrpc	0.694915235042572	192	8	8*192	3854208
layers_8_hs_192_heads_12_cl_256	13	5	multirc	0.5279299020767212	192	8	8*192	3854208
layers_8_hs_192_heads_12_cl_256	13	5	qnli	0.7659667730331421	192	8	8*192	3854208
layers_8_hs_192_heads_12_cl_256	13	5	qqp	0.8156495094299316	192	8	8*192	3854208
layers_8_hs_192_heads_12_cl_256	13	5	rte	0.5353535413742065	192	8	8*192	3854208
layers_8_hs_192_heads_12_cl_256	13	5	sst2	0.8562992215156555	192	8	8*192	3854208
layers_8_hs_192_heads_12_cl_256	13	5	wsc	0.45783132314682007	192	8	8*192	3854208
layers_8_hs_192_heads_12_cl_256	0	5	boolq	0.5975103974342346	192	8	8*192	3854208
layers_8_hs_192_heads_12_cl_256	0	5	cola	0.6947988271713257	192	8	8*192	3854208
layers_8_hs_192_heads_12_cl_256	0	5	mnli	0.666260302066803	192	8	8*192	3854208
layers_8_hs_192_heads_12_cl_256	0	5	mnli-mm	0.6892107129096985	192	8	8*192	3854208
layers_8_hs_192_heads_12_cl_256	0	5	mrpc	0.694915235042572	192	8	8*192	3854208
layers_8_hs_192_heads_12_cl_256	0	5	multirc	0.4994523525238037	192	8	8*192	3854208
layers_8_hs_192_heads_12_cl_256	0	5	qnli	0.7112860679626465	192	8	8*192	3854208
layers_8_hs_192_heads_12_cl_256	0	5	qqp	0.804120659828186	192	8	8*192	3854208
layers_8_hs_192_heads_12_cl_256	0	5	rte	0.5757575631141663	192	8	8*192	3854208
layers_8_hs_192_heads_12_cl_256	0	5	sst2	0.8622047305107117	192	8	8*192	3854208
layers_8_hs_192_heads_12_cl_256	0	5	wsc	0.5662650465965271	192	8	8*192	3854208
layers_8_hs_384_heads_12_cl_256	13	5	boolq	0.5809128880500793	384	8	8*384	14786304
layers_8_hs_384_heads_12_cl_256	13	5	cola	0.6957801580429077	384	8	8*384	14786304
layers_8_hs_384_heads_12_cl_256	13	5	mnli	0.7083206176757812	384	8	8*384	14786304
layers_8_hs_384_heads_12_cl_256	13	5	mnli-mm	0.7196053266525269	384	8	8*384	14786304
layers_8_hs_384_heads_12_cl_256	13	5	mrpc	0.694915235042572	384	8	8*384	14786304
layers_8_hs_384_heads_12_cl_256	13	5	multirc	0.5104052424430847	384	8	8*384	14786304
layers_8_hs_384_heads_12_cl_256	13	5	qnli	0.7926509380340576	384	8	8*384	14786304
layers_8_hs_384_heads_12_cl_256	13	5	qqp	0.823570966720581	384	8	8*384	14786304
layers_8_hs_384_heads_12_cl_256	13	5	rte	0.5858585834503174	384	8	8*384	14786304
layers_8_hs_384_heads_12_cl_256	13	5	sst2	0.8661417365074158	384	8	8*384	14786304
layers_8_hs_384_heads_12_cl_256	13	5	wsc	0.5662650465965271	384	8	8*384	14786304
layers_8_hs_384_heads_12_cl_256	0	5	boolq	0.612724781036377	384	8	8*384	14786304
layers_8_hs_384_heads_12_cl_256	0	5	cola	0.6918547749519348	384	8	8*384	14786304
layers_8_hs_384_heads_12_cl_256	0	5	mnli	0.7058823704719543	384	8	8*384	14786304
layers_8_hs_384_heads_12_cl_256	0	5	mnli-mm	0.7256524562835693	384	8	8*384	14786304
layers_8_hs_384_heads_12_cl_256	0	5	mrpc	0.694915235042572	384	8	8*384	14786304
layers_8_hs_384_heads_12_cl_256	0	5	multirc	0.47973713278770447	384	8	8*384	14786304
layers_8_hs_384_heads_12_cl_256	0	5	qnli	0.7834645509719849	384	8	8*384	14786304
layers_8_hs_384_heads_12_cl_256	0	5	qqp	0.8311205506324768	384	8	8*384	14786304
layers_8_hs_384_heads_12_cl_256	0	5	rte	0.4747474789619446	384	8	8*384	14786304
layers_8_hs_384_heads_12_cl_256	0	5	sst2	0.8523622155189514	384	8	8*384	14786304
layers_8_hs_384_heads_12_cl_256	0	5	wsc	0.5542168617248535	384	8	8*384	14786304
layers_8_hs_768_heads_12_cl_256	0	5	boolq	0.5988935232162476	768	8	8*768	56704512
layers_8_hs_768_heads_12_cl_256	0	5	cola	0.6967615485191345	768	8	8*768	56704512
layers_8_hs_768_heads_12_cl_256	0	5	mnli	0.7240170836448669	768	8	8*768	56704512
layers_8_hs_768_heads_12_cl_256	0	5	mnli-mm	0.7299490571022034	768	8	8*768	56704512
layers_8_hs_768_heads_12_cl_256	0	5	mrpc	0.694915235042572	768	8	8*768	56704512
layers_8_hs_768_heads_12_cl_256	0	5	multirc	0.5334063768386841	768	8	8*768	56704512
layers_8_hs_768_heads_12_cl_256	0	5	qnli	0.8088364005088806	768	8	8*768	56704512
layers_8_hs_768_heads_12_cl_256	0	5	qqp	0.8395626544952393	768	8	8*768	56704512
layers_8_hs_768_heads_12_cl_256	0	5	rte	0.5858585834503174	768	8	8*768	56704512
layers_8_hs_768_heads_12_cl_256	0	5	sst2	0.8858267664909363	768	8	8*768	56704512
layers_8_hs_768_heads_12_cl_256	0	5	wsc	0.6144578456878662	768	8	8*768	56704512
layers_8_hs_768_heads_12_cl_256	13	5	boolq	0.6002766489982605	768	8	8*768	56704512
layers_8_hs_768_heads_12_cl_256	13	5	cola	0.6957801580429077	768	8	8*768	56704512
layers_8_hs_768_heads_12_cl_256	13	5	mnli	0.718835711479187	768	8	8*768	56704512
layers_8_hs_768_heads_12_cl_256	13	5	mnli-mm	0.7379058003425598	768	8	8*768	56704512
layers_8_hs_768_heads_12_cl_256	13	5	mrpc	0.694915235042572	768	8	8*768	56704512
layers_8_hs_768_heads_12_cl_256	13	5	multirc	0.5180723071098328	768	8	8*768	56704512
layers_8_hs_768_heads_12_cl_256	13	5	qnli	0.808398962020874	768	8	8*768	56704512
layers_8_hs_768_heads_12_cl_256	13	5	qqp	0.8413105607032776	768	8	8*768	56704512
layers_8_hs_768_heads_12_cl_256	13	5	rte	0.5353535413742065	768	8	8*768	56704512
layers_8_hs_768_heads_12_cl_256	13	5	sst2	0.8720472455024719	768	8	8*768	56704512
layers_8_hs_768_heads_12_cl_256	13	5	wsc	0.5662650465965271	768	8	8*768	56704512
layers_8_hs_1536_heads_12_cl_256	13	5	boolq	0.6085754036903381	1536	8	8*1536	229014528
layers_8_hs_1536_heads_12_cl_256	13	5	cola	0.738959789276123	1536	8	8*1536	229014528
layers_8_hs_1536_heads_12_cl_256	13	5	mnli	0.7378848195075989	1536	8	8*1536	229014528
layers_8_hs_1536_heads_12_cl_256	13	5	mnli-mm	0.7374283671379089	1536	8	8*1536	229014528
layers_8_hs_1536_heads_12_cl_256	13	5	mrpc	0.6836158037185669	1536	8	8*1536	229014528
layers_8_hs_1536_heads_12_cl_256	13	5	multirc	0.5082146525382996	1536	8	8*1536	229014528
layers_8_hs_1536_heads_12_cl_256	13	5	qnli	0.8285214304924011	1536	8	8*1536	229014528
layers_8_hs_1536_heads_12_cl_256	13	5	qqp	0.847930371761322	1536	8	8*1536	229014528
layers_8_hs_1536_heads_12_cl_256	13	5	rte	0.5050504803657532	1536	8	8*1536	229014528
layers_8_hs_1536_heads_12_cl_256	13	5	sst2	0.8720472455024719	1536	8	8*1536	229014528
layers_8_hs_1536_heads_12_cl_256	13	5	wsc	0.6144578456878662	1536	8	8*1536	229014528
layers_8_hs_1536_heads_12_cl_256	0	5	boolq	0.6099585294723511	1536	8	8*1536	229014528
layers_8_hs_1536_heads_12_cl_256	0	5	cola	0.7448478937149048	1536	8	8*1536	229014528
layers_8_hs_1536_heads_12_cl_256	0	5	mnli	0.7334654331207275	1536	8	8*1536	229014528
layers_8_hs_1536_heads_12_cl_256	0	5	mnli-mm	0.747135579586029	1536	8	8*1536	229014528
layers_8_hs_1536_heads_12_cl_256	0	5	mrpc	0.694915235042572	1536	8	8*1536	229014528
layers_8_hs_1536_heads_12_cl_256	0	5	multirc	0.5169770121574402	1536	8	8*1536	229014528
layers_8_hs_1536_heads_12_cl_256	0	5	qnli	0.8127734065055847	1536	8	8*1536	229014528
layers_8_hs_1536_heads_12_cl_256	0	5	qqp	0.851537823677063	1536	8	8*1536	229014528
layers_8_hs_1536_heads_12_cl_256	0	5	rte	0.5050504803657532	1536	8	8*1536	229014528
layers_8_hs_1536_heads_12_cl_256	0	5	sst2	0.8681102395057678	1536	8	8*1536	229014528
layers_8_hs_1536_heads_12_cl_256	0	5	wsc	0.6144578456878662	1536	8	8*1536	229014528
layers_16_hs_192_heads_12_cl_256	0	5	boolq	0.6016597747802734	192	16	16*192	7413120
layers_16_hs_192_heads_12_cl_256	0	5	cola	0.6967615485191345	192	16	16*192	7413120
layers_16_hs_192_heads_12_cl_256	0	5	mnli	0.6254190802574158	192	16	16*192	7413120
layers_16_hs_192_heads_12_cl_256	0	5	mnli-mm	0.6518141031265259	192	16	16*192	7413120
layers_16_hs_192_heads_12_cl_256	0	5	mrpc	0.694915235042572	192	16	16*192	7413120
layers_16_hs_192_heads_12_cl_256	0	5	multirc	0.5082146525382996	192	16	16*192	7413120
layers_16_hs_192_heads_12_cl_256	0	5	qnli	0.7808399200439453	192	16	16*192	7413120
layers_16_hs_192_heads_12_cl_256	0	5	qqp	0.7723604440689087	192	16	16*192	7413120
layers_16_hs_192_heads_12_cl_256	0	5	rte	0.5050504803657532	192	16	16*192	7413120
layers_16_hs_192_heads_12_cl_256	0	5	sst2	0.8425197005271912	192	16	16*192	7413120
layers_16_hs_192_heads_12_cl_256	0	5	wsc	0.5542168617248535	192	16	16*192	7413120
layers_16_hs_192_heads_12_cl_256	13	5	boolq	0.5988935232162476	192	16	16*192	7413120
layers_16_hs_192_heads_12_cl_256	13	5	cola	0.6947988271713257	192	16	16*192	7413120
layers_16_hs_192_heads_12_cl_256	13	5	mnli	0.6257238388061523	192	16	16*192	7413120
layers_16_hs_192_heads_12_cl_256	13	5	mnli-mm	0.6484723091125488	192	16	16*192	7413120
layers_16_hs_192_heads_12_cl_256	13	5	mrpc	0.700564980506897	192	16	16*192	7413120
layers_16_hs_192_heads_12_cl_256	13	5	multirc	0.5235487222671509	192	16	16*192	7413120
layers_16_hs_192_heads_12_cl_256	13	5	qnli	0.7694663405418396	192	16	16*192	7413120
layers_16_hs_192_heads_12_cl_256	13	5	qqp	0.77329021692276	192	16	16*192	7413120
layers_16_hs_192_heads_12_cl_256	13	5	rte	0.5151515007019043	192	16	16*192	7413120
layers_16_hs_192_heads_12_cl_256	13	5	sst2	0.834645688533783	192	16	16*192	7413120
layers_16_hs_192_heads_12_cl_256	13	5	wsc	0.5783132314682007	192	16	16*192	7413120
layers_16_hs_384_heads_12_cl_256	13	5	boolq	0.5933610200881958	384	16	16*384	28982016
layers_16_hs_384_heads_12_cl_256	13	5	cola	0.6967615485191345	384	16	16*384	28982016
layers_16_hs_384_heads_12_cl_256	13	5	mnli	0.6557452082633972	384	16	16*384	28982016
layers_16_hs_384_heads_12_cl_256	13	5	mnli-mm	0.68507319688797	384	16	16*384	28982016
layers_16_hs_384_heads_12_cl_256	13	5	mrpc	0.694915235042572	384	16	16*384	28982016
layers_16_hs_384_heads_12_cl_256	13	5	multirc	0.47535598278045654	384	16	16*384	28982016
layers_16_hs_384_heads_12_cl_256	13	5	qnli	0.7957130074501038	384	16	16*384	28982016
layers_16_hs_384_heads_12_cl_256	13	5	qqp	0.7871991991996765	384	16	16*384	28982016
layers_16_hs_384_heads_12_cl_256	13	5	rte	0.5353535413742065	384	16	16*384	28982016
layers_16_hs_384_heads_12_cl_256	13	5	sst2	0.8523622155189514	384	16	16*384	28982016
layers_16_hs_384_heads_12_cl_256	13	5	wsc	0.4819277226924896	384	16	16*384	28982016
layers_16_hs_384_heads_12_cl_256	0	5	boolq	0.587828516960144	384	16	16*384	28982016
layers_16_hs_384_heads_12_cl_256	0	5	cola	0.6947988271713257	384	16	16*384	28982016
layers_16_hs_384_heads_12_cl_256	0	5	mnli	0.6601645946502686	384	16	16*384	28982016
layers_16_hs_384_heads_12_cl_256	0	5	mnli-mm	0.6772755980491638	384	16	16*384	28982016
layers_16_hs_384_heads_12_cl_256	0	5	mrpc	0.694915235042572	384	16	16*384	28982016
layers_16_hs_384_heads_12_cl_256	0	5	multirc	0.49178531765937805	384	16	16*384	28982016
layers_16_hs_384_heads_12_cl_256	0	5	qnli	0.8048993945121765	384	16	16*384	28982016
layers_16_hs_384_heads_12_cl_256	0	5	qqp	0.789616584777832	384	16	16*384	28982016
layers_16_hs_384_heads_12_cl_256	0	5	rte	0.5252525210380554	384	16	16*384	28982016
layers_16_hs_384_heads_12_cl_256	0	5	sst2	0.8405511975288391	384	16	16*384	28982016
layers_16_hs_384_heads_12_cl_256	0	5	wsc	0.5060241222381592	384	16	16*384	28982016
layers_16_hs_768_heads_12_cl_256	13	5	boolq	0.5961272716522217	768	16	16*768	113407488
layers_16_hs_768_heads_12_cl_256	13	5	cola	0.6997056007385254	768	16	16*768	113407488
layers_16_hs_768_heads_12_cl_256	13	5	mnli	0.6767753958702087	768	16	16*768	113407488
layers_16_hs_768_heads_12_cl_256	13	5	mnli-mm	0.7013049125671387	768	16	16*768	113407488
layers_16_hs_768_heads_12_cl_256	13	5	mrpc	0.694915235042572	768	16	16*768	113407488
layers_16_hs_768_heads_12_cl_256	13	5	multirc	0.5093099474906921	768	16	16*768	113407488
layers_16_hs_768_heads_12_cl_256	13	5	qnli	0.801399827003479	768	16	16*768	113407488
layers_16_hs_768_heads_12_cl_256	13	5	qqp	0.8049759864807129	768	16	16*768	113407488
layers_16_hs_768_heads_12_cl_256	13	5	rte	0.5656565427780151	768	16	16*768	113407488
layers_16_hs_768_heads_12_cl_256	13	5	sst2	0.8779527544975281	768	16	16*768	113407488
layers_16_hs_768_heads_12_cl_256	13	5	wsc	0.5060241222381592	768	16	16*768	113407488
layers_16_hs_768_heads_12_cl_256	0	5	boolq	0.5781466364860535	768	16	16*768	113407488
layers_16_hs_768_heads_12_cl_256	0	5	cola	0.7105004787445068	768	16	16*768	113407488
layers_16_hs_768_heads_12_cl_256	0	5	mnli	0.672051191329956	768	16	16*768	113407488
layers_16_hs_768_heads_12_cl_256	0	5	mnli-mm	0.7043284773826599	768	16	16*768	113407488
layers_16_hs_768_heads_12_cl_256	0	5	mrpc	0.694915235042572	768	16	16*768	113407488
layers_16_hs_768_heads_12_cl_256	0	5	multirc	0.48630887269973755	768	16	16*768	113407488
layers_16_hs_768_heads_12_cl_256	0	5	qnli	0.8101487159729004	768	16	16*768	113407488
layers_16_hs_768_heads_12_cl_256	0	5	qqp	0.8014057874679565	768	16	16*768	113407488
layers_16_hs_768_heads_12_cl_256	0	5	rte	0.49494948983192444	768	16	16*768	113407488
layers_16_hs_768_heads_12_cl_256	0	5	sst2	0.8681102395057678	768	16	16*768	113407488
layers_16_hs_768_heads_12_cl_256	0	5	wsc	0.4819277226924896	768	16	16*768	113407488
layers_16_hs_1536_heads_12_cl_256	0	5	boolq	0.6293222904205322	1536	16	16*1536	455666688
layers_16_hs_1536_heads_12_cl_256	0	5	cola	0.7448478937149048	1536	16	16*1536	455666688
layers_16_hs_1536_heads_12_cl_256	0	5	mnli	0.7415422201156616	1536	16	16*1536	455666688
layers_16_hs_1536_heads_12_cl_256	0	5	mnli-mm	0.7539783716201782	1536	16	16*1536	455666688
layers_16_hs_1536_heads_12_cl_256	0	5	mrpc	0.6836158037185669	1536	16	16*1536	455666688
layers_16_hs_1536_heads_12_cl_256	0	5	multirc	0.5421686768531799	1536	16	16*1536	455666688
layers_16_hs_1536_heads_12_cl_256	0	5	qnli	0.8289588689804077	1536	16	16*1536	455666688
layers_16_hs_1536_heads_12_cl_256	0	5	qqp	0.8537691831588745	1536	16	16*1536	455666688
layers_16_hs_1536_heads_12_cl_256	0	5	rte	0.5353535413742065	1536	16	16*1536	455666688
layers_16_hs_1536_heads_12_cl_256	0	5	sst2	0.8818897604942322	1536	16	16*1536	455666688
layers_16_hs_1536_heads_12_cl_256	0	5	wsc	0.5301204919815063	1536	16	16*1536	455666688
layers_16_hs_1536_heads_12_cl_256	13	5	boolq	0.5961272716522217	1536	16	16*1536	455666688
layers_16_hs_1536_heads_12_cl_256	13	5	cola	0.7360156774520874	1536	16	16*1536	455666688
layers_16_hs_1536_heads_12_cl_256	13	5	mnli	0.7471807599067688	1536	16	16*1536	455666688
layers_16_hs_1536_heads_12_cl_256	13	5	mnli-mm	0.757161021232605	1536	16	16*1536	455666688
layers_16_hs_1536_heads_12_cl_256	13	5	mrpc	0.7118644118309021	1536	16	16*1536	455666688
layers_16_hs_1536_heads_12_cl_256	13	5	multirc	0.4950712025165558	1536	16	16*1536	455666688
layers_16_hs_1536_heads_12_cl_256	13	5	qnli	0.8188976645469666	1536	16	16*1536	455666688
layers_16_hs_1536_heads_12_cl_256	13	5	qqp	0.8558890223503113	1536	16	16*1536	455666688
layers_16_hs_1536_heads_12_cl_256	13	5	rte	0.49494948983192444	1536	16	16*1536	455666688
layers_16_hs_1536_heads_12_cl_256	13	5	sst2	0.8917322754859924	1536	16	16*1536	455666688
layers_16_hs_1536_heads_12_cl_256	13	5	wsc	0.46987950801849365	1536	16	16*1536	455666688
layers_24_hs_192_heads_12_cl_256	0	5	boolq	0.6030429005622864	192	24	24*192	10972032
layers_24_hs_192_heads_12_cl_256	0	5	cola	0.6997056007385254	192	24	24*192	10972032
layers_24_hs_192_heads_12_cl_256	0	5	mnli	0.6438585519790649	192	24	24*192	10972032
layers_24_hs_192_heads_12_cl_256	0	5	mnli-mm	0.6682049632072449	192	24	24*192	10972032
layers_24_hs_192_heads_12_cl_256	0	5	mrpc	0.694915235042572	192	24	24*192	10972032
layers_24_hs_192_heads_12_cl_256	0	5	multirc	0.503833532333374	192	24	24*192	10972032
layers_24_hs_192_heads_12_cl_256	0	5	qnli	0.7790901064872742	192	24	24*192	10972032
layers_24_hs_192_heads_12_cl_256	0	5	qqp	0.7739224433898926	192	24	24*192	10972032
layers_24_hs_192_heads_12_cl_256	0	5	rte	0.5252525210380554	192	24	24*192	10972032
layers_24_hs_192_heads_12_cl_256	0	5	sst2	0.8425197005271912	192	24	24*192	10972032
layers_24_hs_192_heads_12_cl_256	0	5	wsc	0.5783132314682007	192	24	24*192	10972032
layers_24_hs_192_heads_12_cl_256	13	5	boolq	0.5933610200881958	192	24	24*192	10972032
layers_24_hs_192_heads_12_cl_256	13	5	cola	0.6977428793907166	192	24	24*192	10972032
layers_24_hs_192_heads_12_cl_256	13	5	mnli	0.6398963928222656	192	24	24*192	10972032
layers_24_hs_192_heads_12_cl_256	13	5	mnli-mm	0.6656588315963745	192	24	24*192	10972032
layers_24_hs_192_heads_12_cl_256	13	5	mrpc	0.694915235042572	192	24	24*192	10972032
layers_24_hs_192_heads_12_cl_256	13	5	multirc	0.5027382373809814	192	24	24*192	10972032
layers_24_hs_192_heads_12_cl_256	13	5	qnli	0.7834645509719849	192	24	24*192	10972032
layers_24_hs_192_heads_12_cl_256	13	5	qqp	0.7785339951515198	192	24	24*192	10972032
layers_24_hs_192_heads_12_cl_256	13	5	rte	0.5050504803657532	192	24	24*192	10972032
layers_24_hs_192_heads_12_cl_256	13	5	sst2	0.8562992215156555	192	24	24*192	10972032
layers_24_hs_192_heads_12_cl_256	13	5	wsc	0.5903614163398743	192	24	24*192	10972032
layers_24_hs_384_heads_12_cl_256	13	5	boolq	0.6030429005622864	384	24	24*384	43177728
layers_24_hs_384_heads_12_cl_256	13	5	cola	0.7114818692207336	384	24	24*384	43177728
layers_24_hs_384_heads_12_cl_256	13	5	mnli	0.6651935577392578	384	24	24*384	43177728
layers_24_hs_384_heads_12_cl_256	13	5	mnli-mm	0.6947804093360901	384	24	24*384	43177728
layers_24_hs_384_heads_12_cl_256	13	5	mrpc	0.694915235042572	384	24	24*384	43177728
layers_24_hs_384_heads_12_cl_256	13	5	multirc	0.4786418378353119	384	24	24*384	43177728
layers_24_hs_384_heads_12_cl_256	13	5	qnli	0.8066491484642029	384	24	24*384	43177728
layers_24_hs_384_heads_12_cl_256	13	5	qqp	0.7934099435806274	384	24	24*384	43177728
layers_24_hs_384_heads_12_cl_256	13	5	rte	0.5757575631141663	384	24	24*384	43177728
layers_24_hs_384_heads_12_cl_256	13	5	sst2	0.8681102395057678	384	24	24*384	43177728
layers_24_hs_384_heads_12_cl_256	13	5	wsc	0.5421686768531799	384	24	24*384	43177728
layers_24_hs_384_heads_12_cl_256	0	5	boolq	0.5947441458702087	384	24	24*384	43177728
layers_24_hs_384_heads_12_cl_256	0	5	cola	0.7095191478729248	384	24	24*384	43177728
layers_24_hs_384_heads_12_cl_256	0	5	mnli	0.6644315719604492	384	24	24*384	43177728
layers_24_hs_384_heads_12_cl_256	0	5	mnli-mm	0.6927116513252258	384	24	24*384	43177728
layers_24_hs_384_heads_12_cl_256	0	5	mrpc	0.694915235042572	384	24	24*384	43177728
layers_24_hs_384_heads_12_cl_256	0	5	multirc	0.5125958323478699	384	24	24*384	43177728
layers_24_hs_384_heads_12_cl_256	0	5	qnli	0.8005249500274658	384	24	24*384	43177728
layers_24_hs_384_heads_12_cl_256	0	5	qqp	0.79404217004776	384	24	24*384	43177728
layers_24_hs_384_heads_12_cl_256	0	5	rte	0.5454545617103577	384	24	24*384	43177728
layers_24_hs_384_heads_12_cl_256	0	5	sst2	0.8641732335090637	384	24	24*384	43177728
layers_24_hs_384_heads_12_cl_256	0	5	wsc	0.4939759075641632	384	24	24*384	43177728
layers_24_hs_768_heads_12_cl_256	13	5	boolq	0.6016597747802734	768	24	24*768	170110464
layers_24_hs_768_heads_12_cl_256	13	5	cola	0.7487733364105225	768	24	24*768	170110464
layers_24_hs_768_heads_12_cl_256	13	5	mnli	0.7400183081626892	768	24	24*768	170110464
layers_24_hs_768_heads_12_cl_256	13	5	mnli-mm	0.752864420413971	768	24	24*768	170110464
layers_24_hs_768_heads_12_cl_256	13	5	mrpc	0.694915235042572	768	24	24*768	170110464
layers_24_hs_768_heads_12_cl_256	13	5	multirc	0.4994523525238037	768	24	24*768	170110464
layers_24_hs_768_heads_12_cl_256	13	5	qnli	0.8223971724510193	768	24	24*768	170110464
layers_24_hs_768_heads_12_cl_256	13	5	qqp	0.8456990122795105	768	24	24*768	170110464
layers_24_hs_768_heads_12_cl_256	13	5	rte	0.6060606241226196	768	24	24*768	170110464
layers_24_hs_768_heads_12_cl_256	13	5	sst2	0.8818897604942322	768	24	24*768	170110464
layers_24_hs_768_heads_12_cl_256	13	5	wsc	0.5421686768531799	768	24	24*768	170110464
layers_24_hs_768_heads_12_cl_256	0	5	boolq	0.6058091521263123	768	24	24*768	170110464
layers_24_hs_768_heads_12_cl_256	0	5	cola	0.742885172367096	768	24	24*768	170110464
layers_24_hs_768_heads_12_cl_256	0	5	mnli	0.736665666103363	768	24	24*768	170110464
layers_24_hs_768_heads_12_cl_256	0	5	mnli-mm	0.7506365180015564	768	24	24*768	170110464
layers_24_hs_768_heads_12_cl_256	0	5	mrpc	0.6892655491828918	768	24	24*768	170110464
layers_24_hs_768_heads_12_cl_256	0	5	multirc	0.4950712025165558	768	24	24*768	170110464
layers_24_hs_768_heads_12_cl_256	0	5	qnli	0.8272091150283813	768	24	24*768	170110464
layers_24_hs_768_heads_12_cl_256	0	5	qqp	0.8401948809623718	768	24	24*768	170110464
layers_24_hs_768_heads_12_cl_256	0	5	rte	0.5050504803657532	768	24	24*768	170110464
layers_24_hs_768_heads_12_cl_256	0	5	sst2	0.8799212574958801	768	24	24*768	170110464
layers_24_hs_768_heads_12_cl_256	0	5	wsc	0.4819277226924896	768	24	24*768	170110464
layers_24_hs_1536_heads_12_cl_256	0	5	boolq	0.6307054162025452	1536	24	24*1536	682318848
layers_24_hs_1536_heads_12_cl_256	0	5	cola	0.7644749879837036	1536	24	24*1536	682318848
layers_24_hs_1536_heads_12_cl_256	0	5	mnli	0.7470283508300781	1536	24	24*1536	682318848
layers_24_hs_1536_heads_12_cl_256	0	5	mnli-mm	0.7646403312683105	1536	24	24*1536	682318848
layers_24_hs_1536_heads_12_cl_256	0	5	mrpc	0.6892655491828918	1536	24	24*1536	682318848
layers_24_hs_1536_heads_12_cl_256	0	5	multirc	0.49616649746894836	1536	24	24*1536	682318848
layers_24_hs_1536_heads_12_cl_256	0	5	qnli	0.8206474184989929	1536	24	24*1536	682318848
layers_24_hs_1536_heads_12_cl_256	0	5	qqp	0.8574138283729553	1536	24	24*1536	682318848
layers_24_hs_1536_heads_12_cl_256	0	5	rte	0.5252525210380554	1536	24	24*1536	682318848
layers_24_hs_1536_heads_12_cl_256	0	5	sst2	0.8838582634925842	1536	24	24*1536	682318848
layers_24_hs_1536_heads_12_cl_256	0	5	wsc	0.5662650465965271	1536	24	24*1536	682318848
layers_24_hs_1536_heads_12_cl_256	13	5	boolq	0.658367931842804	1536	24	24*1536	682318848
layers_24_hs_1536_heads_12_cl_256	13	5	cola	0.7507359981536865	1536	24	24*1536	682318848
layers_24_hs_1536_heads_12_cl_256	13	5	mnli	0.7444376945495605	1536	24	24*1536	682318848
layers_24_hs_1536_heads_12_cl_256	13	5	mnli-mm	0.7538192272186279	1536	24	24*1536	682318848
layers_24_hs_1536_heads_12_cl_256	13	5	mrpc	0.6723163723945618	1536	24	24*1536	682318848
layers_24_hs_1536_heads_12_cl_256	13	5	multirc	0.525739312171936	1536	24	24*1536	682318848
layers_24_hs_1536_heads_12_cl_256	13	5	qnli	0.8307086825370789	1536	24	24*1536	682318848
layers_24_hs_1536_heads_12_cl_256	13	5	qqp	0.8587154746055603	1536	24	24*1536	682318848
layers_24_hs_1536_heads_12_cl_256	13	5	rte	0.5555555820465088	1536	24	24*1536	682318848
layers_24_hs_1536_heads_12_cl_256	13	5	sst2	0.8956692814826965	1536	24	24*1536	682318848
layers_24_hs_1536_heads_12_cl_256	13	5	wsc	0.5783132314682007	1536	24	24*1536	682318848
