config	seed	checkpoint	blimp_task	accuracy	hidden_size	layers	config_short	num_params
layers_1_hs_192_heads_12_cl_256	0	5	anaphor_agreement	0.939161554192229	192	1	1*192	740160
layers_1_hs_192_heads_12_cl_256	0	5	argument_structure	0.7001697381183317	192	1	1*192	740160
layers_1_hs_192_heads_12_cl_256	0	5	binding	0.6677055506084891	192	1	1*192	740160
layers_1_hs_192_heads_12_cl_256	0	5	control_raising	0.6551038444542643	192	1	1*192	740160
layers_1_hs_192_heads_12_cl_256	0	5	determiner_noun_agreement	0.8550782285865818	192	1	1*192	740160
layers_1_hs_192_heads_12_cl_256	0	5	ellipsis	0.5866050808314087	192	1	1*192	740160
layers_1_hs_192_heads_12_cl_256	0	5	filler_gap	0.6279178338001867	192	1	1*192	740160
layers_1_hs_192_heads_12_cl_256	0	5	irregular_forms	0.8977099236641222	192	1	1*192	740160
layers_1_hs_192_heads_12_cl_256	0	5	island_effects	0.5213004484304933	192	1	1*192	740160
layers_1_hs_192_heads_12_cl_256	0	5	npi_licensing	0.5174612815062253	192	1	1*192	740160
layers_1_hs_192_heads_12_cl_256	0	5	quantifiers	0.7004121586810922	192	1	1*192	740160
layers_1_hs_192_heads_12_cl_256	0	5	subject_verb_agreement	0.6149954832881662	192	1	1*192	740160
layers_1_hs_192_heads_12_cl_256	0	5	hypernym	0.5011627906976744	192	1	1*192	740160
layers_1_hs_192_heads_12_cl_256	0	5	qa_congruence_easy	0.421875	192	1	1*192	740160
layers_1_hs_192_heads_12_cl_256	0	5	qa_congruence_tricky	0.296969696969697	192	1	1*192	740160
layers_1_hs_192_heads_12_cl_256	0	5	subject_aux_inversion	0.8504513295925835	192	1	1*192	740160
layers_1_hs_192_heads_12_cl_256	0	5	turn_taking	0.575	192	1	1*192	740160
layers_1_hs_192_heads_12_cl_256	13	5	anaphor_agreement	0.9550102249488752	192	1	1*192	740160
layers_1_hs_192_heads_12_cl_256	13	5	argument_structure	0.6953200775945684	192	1	1*192	740160
layers_1_hs_192_heads_12_cl_256	13	5	binding	0.6717126743840902	192	1	1*192	740160
layers_1_hs_192_heads_12_cl_256	13	5	control_raising	0.6281484754750332	192	1	1*192	740160
layers_1_hs_192_heads_12_cl_256	13	5	determiner_noun_agreement	0.8538849111641474	192	1	1*192	740160
layers_1_hs_192_heads_12_cl_256	13	5	ellipsis	0.5508083140877598	192	1	1*192	740160
layers_1_hs_192_heads_12_cl_256	13	5	filler_gap	0.6587301587301587	192	1	1*192	740160
layers_1_hs_192_heads_12_cl_256	13	5	irregular_forms	0.8717557251908397	192	1	1*192	740160
layers_1_hs_192_heads_12_cl_256	13	5	island_effects	0.5575485799701047	192	1	1*192	740160
layers_1_hs_192_heads_12_cl_256	13	5	npi_licensing	0.5438809596112967	192	1	1*192	740160
layers_1_hs_192_heads_12_cl_256	13	5	quantifiers	0.7158681092220505	192	1	1*192	740160
layers_1_hs_192_heads_12_cl_256	13	5	subject_verb_agreement	0.6166214995483288	192	1	1*192	740160
layers_1_hs_192_heads_12_cl_256	13	5	hypernym	0.5104651162790698	192	1	1*192	740160
layers_1_hs_192_heads_12_cl_256	13	5	qa_congruence_easy	0.515625	192	1	1*192	740160
layers_1_hs_192_heads_12_cl_256	13	5	qa_congruence_tricky	0.28484848484848485	192	1	1*192	740160
layers_1_hs_192_heads_12_cl_256	13	5	subject_aux_inversion	0.8065381800439132	192	1	1*192	740160
layers_1_hs_192_heads_12_cl_256	13	5	turn_taking	0.6392857142857142	192	1	1*192	740160
layers_1_hs_384_heads_12_cl_256	13	5	anaphor_agreement	0.9637014314928425	384	1	1*384	2365056
layers_1_hs_384_heads_12_cl_256	13	5	argument_structure	0.7055043646944714	384	1	1*384	2365056
layers_1_hs_384_heads_12_cl_256	13	5	binding	0.6733452062926685	384	1	1*384	2365056
layers_1_hs_384_heads_12_cl_256	13	5	control_raising	0.6546619531595228	384	1	1*384	2365056
layers_1_hs_384_heads_12_cl_256	13	5	determiner_noun_agreement	0.8605144523998939	384	1	1*384	2365056
layers_1_hs_384_heads_12_cl_256	13	5	ellipsis	0.6085450346420324	384	1	1*384	2365056
layers_1_hs_384_heads_12_cl_256	13	5	filler_gap	0.6562402738873327	384	1	1*384	2365056
layers_1_hs_384_heads_12_cl_256	13	5	irregular_forms	0.8885496183206106	384	1	1*384	2365056
layers_1_hs_384_heads_12_cl_256	13	5	island_effects	0.5605381165919282	384	1	1*384	2365056
layers_1_hs_384_heads_12_cl_256	13	5	npi_licensing	0.5170057698147585	384	1	1*384	2365056
layers_1_hs_384_heads_12_cl_256	13	5	quantifiers	0.6968057702215353	384	1	1*384	2365056
layers_1_hs_384_heads_12_cl_256	13	5	subject_verb_agreement	0.6428184281842818	384	1	1*384	2365056
layers_1_hs_384_heads_12_cl_256	13	5	hypernym	0.48604651162790696	384	1	1*384	2365056
layers_1_hs_384_heads_12_cl_256	13	5	qa_congruence_easy	0.515625	384	1	1*384	2365056
layers_1_hs_384_heads_12_cl_256	13	5	qa_congruence_tricky	0.3696969696969697	384	1	1*384	2365056
layers_1_hs_384_heads_12_cl_256	13	5	subject_aux_inversion	0.806050256160039	384	1	1*384	2365056
layers_1_hs_384_heads_12_cl_256	13	5	turn_taking	0.6107142857142858	384	1	1*384	2365056
layers_1_hs_384_heads_12_cl_256	0	5	anaphor_agreement	0.9519427402862985	384	1	1*384	2365056
layers_1_hs_384_heads_12_cl_256	0	5	argument_structure	0.7080504364694471	384	1	1*384	2365056
layers_1_hs_384_heads_12_cl_256	0	5	binding	0.6758682101513802	384	1	1*384	2365056
layers_1_hs_384_heads_12_cl_256	0	5	control_raising	0.6679186920017676	384	1	1*384	2365056
layers_1_hs_384_heads_12_cl_256	0	5	determiner_noun_agreement	0.8431450543622381	384	1	1*384	2365056
layers_1_hs_384_heads_12_cl_256	0	5	ellipsis	0.624133949191686	384	1	1*384	2365056
layers_1_hs_384_heads_12_cl_256	0	5	filler_gap	0.642390289449113	384	1	1*384	2365056
layers_1_hs_384_heads_12_cl_256	0	5	irregular_forms	0.9129770992366413	384	1	1*384	2365056
layers_1_hs_384_heads_12_cl_256	0	5	island_effects	0.5452167414050823	384	1	1*384	2365056
layers_1_hs_384_heads_12_cl_256	0	5	npi_licensing	0.5200425144245369	384	1	1*384	2365056
layers_1_hs_384_heads_12_cl_256	0	5	quantifiers	0.729005667181865	384	1	1*384	2365056
layers_1_hs_384_heads_12_cl_256	0	5	subject_verb_agreement	0.6390243902439025	384	1	1*384	2365056
layers_1_hs_384_heads_12_cl_256	0	5	hypernym	0.5069767441860465	384	1	1*384	2365056
layers_1_hs_384_heads_12_cl_256	0	5	qa_congruence_easy	0.578125	384	1	1*384	2365056
layers_1_hs_384_heads_12_cl_256	0	5	qa_congruence_tricky	0.34545454545454546	384	1	1*384	2365056
layers_1_hs_384_heads_12_cl_256	0	5	subject_aux_inversion	0.8126372285923396	384	1	1*384	2365056
layers_1_hs_384_heads_12_cl_256	0	5	turn_taking	0.5928571428571429	384	1	1*384	2365056
layers_1_hs_768_heads_12_cl_256	0	5	anaphor_agreement	0.9519427402862985	768	1	1*768	7089408
layers_1_hs_768_heads_12_cl_256	0	5	argument_structure	0.7206595538312318	768	1	1*768	7089408
layers_1_hs_768_heads_12_cl_256	0	5	binding	0.6685960225586227	768	1	1*768	7089408
layers_1_hs_768_heads_12_cl_256	0	5	control_raising	0.6648254529385771	768	1	1*768	7089408
layers_1_hs_768_heads_12_cl_256	0	5	determiner_noun_agreement	0.8703261734287987	768	1	1*768	7089408
layers_1_hs_768_heads_12_cl_256	0	5	ellipsis	0.6316397228637414	768	1	1*768	7089408
layers_1_hs_768_heads_12_cl_256	0	5	filler_gap	0.6518829754123872	768	1	1*768	7089408
layers_1_hs_768_heads_12_cl_256	0	5	irregular_forms	0.9022900763358779	768	1	1*768	7089408
layers_1_hs_768_heads_12_cl_256	0	5	island_effects	0.5848281016442451	768	1	1*768	7089408
layers_1_hs_768_heads_12_cl_256	0	5	npi_licensing	0.5174612815062253	768	1	1*768	7089408
layers_1_hs_768_heads_12_cl_256	0	5	quantifiers	0.7238536836682122	768	1	1*768	7089408
layers_1_hs_768_heads_12_cl_256	0	5	subject_verb_agreement	0.6504065040650406	768	1	1*768	7089408
layers_1_hs_768_heads_12_cl_256	0	5	hypernym	0.4941860465116279	768	1	1*768	7089408
layers_1_hs_768_heads_12_cl_256	0	5	qa_congruence_easy	0.515625	768	1	1*768	7089408
layers_1_hs_768_heads_12_cl_256	0	5	qa_congruence_tricky	0.42424242424242425	768	1	1*768	7089408
layers_1_hs_768_heads_12_cl_256	0	5	subject_aux_inversion	0.8238594779214442	768	1	1*768	7089408
layers_1_hs_768_heads_12_cl_256	0	5	turn_taking	0.6321428571428571	768	1	1*768	7089408
layers_1_hs_768_heads_12_cl_256	13	5	anaphor_agreement	0.9304703476482618	768	1	1*768	7089408
layers_1_hs_768_heads_12_cl_256	13	5	argument_structure	0.7278128031037827	768	1	1*768	7089408
layers_1_hs_768_heads_12_cl_256	13	5	binding	0.6834372217275155	768	1	1*768	7089408
layers_1_hs_768_heads_12_cl_256	13	5	control_raising	0.6913389306230667	768	1	1*768	7089408
layers_1_hs_768_heads_12_cl_256	13	5	determiner_noun_agreement	0.8778838504375497	768	1	1*768	7089408
layers_1_hs_768_heads_12_cl_256	13	5	ellipsis	0.6247113163972287	768	1	1*768	7089408
layers_1_hs_768_heads_12_cl_256	13	5	filler_gap	0.642390289449113	768	1	1*768	7089408
layers_1_hs_768_heads_12_cl_256	13	5	irregular_forms	0.8844783715012723	768	1	1*768	7089408
layers_1_hs_768_heads_12_cl_256	13	5	island_effects	0.5426008968609866	768	1	1*768	7089408
layers_1_hs_768_heads_12_cl_256	13	5	npi_licensing	0.5133616762830246	768	1	1*768	7089408
layers_1_hs_768_heads_12_cl_256	13	5	quantifiers	0.7586295723853683	768	1	1*768	7089408
layers_1_hs_768_heads_12_cl_256	13	5	subject_verb_agreement	0.6538392050587173	768	1	1*768	7089408
layers_1_hs_768_heads_12_cl_256	13	5	hypernym	0.48604651162790696	768	1	1*768	7089408
layers_1_hs_768_heads_12_cl_256	13	5	qa_congruence_easy	0.53125	768	1	1*768	7089408
layers_1_hs_768_heads_12_cl_256	13	5	qa_congruence_tricky	0.2787878787878788	768	1	1*768	7089408
layers_1_hs_768_heads_12_cl_256	13	5	subject_aux_inversion	0.8392290802634789	768	1	1*768	7089408
layers_1_hs_768_heads_12_cl_256	13	5	turn_taking	0.6642857142857143	768	1	1*768	7089408
layers_1_hs_1536_heads_12_cl_256	0	5	anaphor_agreement	0.9504089979550102	1536	1	1*1536	30693888
layers_1_hs_1536_heads_12_cl_256	0	5	argument_structure	0.7199321047526673	1536	1	1*1536	30693888
layers_1_hs_1536_heads_12_cl_256	0	5	binding	0.6812110418521816	1536	1	1*1536	30693888
layers_1_hs_1536_heads_12_cl_256	0	5	control_raising	0.6648254529385771	1536	1	1*1536	30693888
layers_1_hs_1536_heads_12_cl_256	0	5	determiner_noun_agreement	0.8833200742508618	1536	1	1*1536	30693888
layers_1_hs_1536_heads_12_cl_256	0	5	ellipsis	0.6299076212471132	1536	1	1*1536	30693888
layers_1_hs_1536_heads_12_cl_256	0	5	filler_gap	0.6545284780578898	1536	1	1*1536	30693888
layers_1_hs_1536_heads_12_cl_256	0	5	irregular_forms	0.9089058524173028	1536	1	1*1536	30693888
layers_1_hs_1536_heads_12_cl_256	0	5	island_effects	0.5874439461883408	1536	1	1*1536	30693888
layers_1_hs_1536_heads_12_cl_256	0	5	npi_licensing	0.5608867294260552	1536	1	1*1536	30693888
layers_1_hs_1536_heads_12_cl_256	0	5	quantifiers	0.6965481710458526	1536	1	1*1536	30693888
layers_1_hs_1536_heads_12_cl_256	0	5	subject_verb_agreement	0.6688346883468834	1536	1	1*1536	30693888
layers_1_hs_1536_heads_12_cl_256	0	5	hypernym	0.48255813953488375	1536	1	1*1536	30693888
layers_1_hs_1536_heads_12_cl_256	0	5	qa_congruence_easy	0.59375	1536	1	1*1536	30693888
layers_1_hs_1536_heads_12_cl_256	0	5	qa_congruence_tricky	0.3878787878787879	1536	1	1*1536	30693888
layers_1_hs_1536_heads_12_cl_256	0	5	subject_aux_inversion	0.8106855330568431	1536	1	1*1536	30693888
layers_1_hs_1536_heads_12_cl_256	0	5	turn_taking	0.6321428571428571	1536	1	1*1536	30693888
layers_1_hs_1536_heads_12_cl_256	13	5	anaphor_agreement	0.9544989775051125	1536	1	1*1536	30693888
layers_1_hs_1536_heads_12_cl_256	13	5	argument_structure	0.7139912706110573	1536	1	1*1536	30693888
layers_1_hs_1536_heads_12_cl_256	13	5	binding	0.6853665776194716	1536	1	1*1536	30693888
layers_1_hs_1536_heads_12_cl_256	13	5	control_raising	0.67454706142289	1536	1	1*1536	30693888
layers_1_hs_1536_heads_12_cl_256	13	5	determiner_noun_agreement	0.8834526650755767	1536	1	1*1536	30693888
layers_1_hs_1536_heads_12_cl_256	13	5	ellipsis	0.6454965357967667	1536	1	1*1536	30693888
layers_1_hs_1536_heads_12_cl_256	13	5	filler_gap	0.6364768129474012	1536	1	1*1536	30693888
layers_1_hs_1536_heads_12_cl_256	13	5	irregular_forms	0.8702290076335878	1536	1	1*1536	30693888
layers_1_hs_1536_heads_12_cl_256	13	5	island_effects	0.6375186846038864	1536	1	1*1536	30693888
layers_1_hs_1536_heads_12_cl_256	13	5	npi_licensing	0.5678712420285454	1536	1	1*1536	30693888
layers_1_hs_1536_heads_12_cl_256	13	5	quantifiers	0.7570839773312725	1536	1	1*1536	30693888
layers_1_hs_1536_heads_12_cl_256	13	5	subject_verb_agreement	0.6644986449864498	1536	1	1*1536	30693888
layers_1_hs_1536_heads_12_cl_256	13	5	hypernym	0.48255813953488375	1536	1	1*1536	30693888
layers_1_hs_1536_heads_12_cl_256	13	5	qa_congruence_easy	0.59375	1536	1	1*1536	30693888
layers_1_hs_1536_heads_12_cl_256	13	5	qa_congruence_tricky	0.45454545454545453	1536	1	1*1536	30693888
layers_1_hs_1536_heads_12_cl_256	13	5	subject_aux_inversion	0.8082459136374726	1536	1	1*1536	30693888
layers_1_hs_1536_heads_12_cl_256	13	5	turn_taking	0.5928571428571429	1536	1	1*1536	30693888
layers_2_hs_192_heads_12_cl_256	13	5	anaphor_agreement	0.9544989775051125	192	2	2*192	1185024
layers_2_hs_192_heads_12_cl_256	13	5	argument_structure	0.7561833171677983	192	2	2*192	1185024
layers_2_hs_192_heads_12_cl_256	13	5	binding	0.6783912140100921	192	2	2*192	1185024
layers_2_hs_192_heads_12_cl_256	13	5	control_raising	0.6705700397702166	192	2	2*192	1185024
layers_2_hs_192_heads_12_cl_256	13	5	determiner_noun_agreement	0.9089101034208433	192	2	2*192	1185024
layers_2_hs_192_heads_12_cl_256	13	5	ellipsis	0.5952655889145496	192	2	2*192	1185024
layers_2_hs_192_heads_12_cl_256	13	5	filler_gap	0.6755368814192344	192	2	2*192	1185024
layers_2_hs_192_heads_12_cl_256	13	5	irregular_forms	0.9292620865139949	192	2	2*192	1185024
layers_2_hs_192_heads_12_cl_256	13	5	island_effects	0.45964125560538116	192	2	2*192	1185024
layers_2_hs_192_heads_12_cl_256	13	5	npi_licensing	0.5736410567871242	192	2	2*192	1185024
layers_2_hs_192_heads_12_cl_256	13	5	quantifiers	0.7302936630602782	192	2	2*192	1185024
layers_2_hs_192_heads_12_cl_256	13	5	subject_verb_agreement	0.7150858175248419	192	2	2*192	1185024
layers_2_hs_192_heads_12_cl_256	13	5	hypernym	0.48953488372093024	192	2	2*192	1185024
layers_2_hs_192_heads_12_cl_256	13	5	qa_congruence_easy	0.46875	192	2	2*192	1185024
layers_2_hs_192_heads_12_cl_256	13	5	qa_congruence_tricky	0.36363636363636365	192	2	2*192	1185024
layers_2_hs_192_heads_12_cl_256	13	5	subject_aux_inversion	0.8616735789216882	192	2	2*192	1185024
layers_2_hs_192_heads_12_cl_256	13	5	turn_taking	0.6428571428571429	192	2	2*192	1185024
layers_2_hs_192_heads_12_cl_256	0	5	anaphor_agreement	0.9320040899795501	192	2	2*192	1185024
layers_2_hs_192_heads_12_cl_256	0	5	argument_structure	0.7593355965082444	192	2	2*192	1185024
layers_2_hs_192_heads_12_cl_256	0	5	binding	0.6918967052537845	192	2	2*192	1185024
layers_2_hs_192_heads_12_cl_256	0	5	control_raising	0.6791869200176757	192	2	2*192	1185024
layers_2_hs_192_heads_12_cl_256	0	5	determiner_noun_agreement	0.903871652081676	192	2	2*192	1185024
layers_2_hs_192_heads_12_cl_256	0	5	ellipsis	0.6495381062355658	192	2	2*192	1185024
layers_2_hs_192_heads_12_cl_256	0	5	filler_gap	0.6638655462184874	192	2	2*192	1185024
layers_2_hs_192_heads_12_cl_256	0	5	irregular_forms	0.9221374045801527	192	2	2*192	1185024
layers_2_hs_192_heads_12_cl_256	0	5	island_effects	0.5358744394618834	192	2	2*192	1185024
layers_2_hs_192_heads_12_cl_256	0	5	npi_licensing	0.5701488004858791	192	2	2*192	1185024
layers_2_hs_192_heads_12_cl_256	0	5	quantifiers	0.7612055641421948	192	2	2*192	1185024
layers_2_hs_192_heads_12_cl_256	0	5	subject_verb_agreement	0.7062330623306233	192	2	2*192	1185024
layers_2_hs_192_heads_12_cl_256	0	5	hypernym	0.4848837209302326	192	2	2*192	1185024
layers_2_hs_192_heads_12_cl_256	0	5	qa_congruence_easy	0.53125	192	2	2*192	1185024
layers_2_hs_192_heads_12_cl_256	0	5	qa_congruence_tricky	0.3333333333333333	192	2	2*192	1185024
layers_2_hs_192_heads_12_cl_256	0	5	subject_aux_inversion	0.8077579897535985	192	2	2*192	1185024
layers_2_hs_192_heads_12_cl_256	0	5	turn_taking	0.6678571428571428	192	2	2*192	1185024
layers_2_hs_384_heads_12_cl_256	13	5	anaphor_agreement	0.9560327198364008	384	2	2*384	4139520
layers_2_hs_384_heads_12_cl_256	13	5	argument_structure	0.7661251212415131	384	2	2*384	4139520
layers_2_hs_384_heads_12_cl_256	13	5	binding	0.6642920747996438	384	2	2*384	4139520
layers_2_hs_384_heads_12_cl_256	13	5	control_raising	0.6871409633230225	384	2	2*384	4139520
layers_2_hs_384_heads_12_cl_256	13	5	determiner_noun_agreement	0.9093078758949881	384	2	2*384	4139520
layers_2_hs_384_heads_12_cl_256	13	5	ellipsis	0.6351039260969977	384	2	2*384	4139520
layers_2_hs_384_heads_12_cl_256	13	5	filler_gap	0.6730469965764083	384	2	2*384	4139520
layers_2_hs_384_heads_12_cl_256	13	5	irregular_forms	0.9323155216284987	384	2	2*384	4139520
layers_2_hs_384_heads_12_cl_256	13	5	island_effects	0.5620328849028401	384	2	2*384	4139520
layers_2_hs_384_heads_12_cl_256	13	5	npi_licensing	0.6585180686304282	384	2	2*384	4139520
layers_2_hs_384_heads_12_cl_256	13	5	quantifiers	0.7215352910870685	384	2	2*384	4139520
layers_2_hs_384_heads_12_cl_256	13	5	subject_verb_agreement	0.7564588979223126	384	2	2*384	4139520
layers_2_hs_384_heads_12_cl_256	13	5	hypernym	0.4906976744186046	384	2	2*384	4139520
layers_2_hs_384_heads_12_cl_256	13	5	qa_congruence_easy	0.609375	384	2	2*384	4139520
layers_2_hs_384_heads_12_cl_256	13	5	qa_congruence_tricky	0.3575757575757576	384	2	2*384	4139520
layers_2_hs_384_heads_12_cl_256	13	5	subject_aux_inversion	0.839473042205416	384	2	2*384	4139520
layers_2_hs_384_heads_12_cl_256	13	5	turn_taking	0.625	384	2	2*384	4139520
layers_2_hs_384_heads_12_cl_256	0	5	anaphor_agreement	0.9585889570552147	384	2	2*384	4139520
layers_2_hs_384_heads_12_cl_256	0	5	argument_structure	0.7633365664403492	384	2	2*384	4139520
layers_2_hs_384_heads_12_cl_256	0	5	binding	0.7086672603146335	384	2	2*384	4139520
layers_2_hs_384_heads_12_cl_256	0	5	control_raising	0.6942112240388865	384	2	2*384	4139520
layers_2_hs_384_heads_12_cl_256	0	5	determiner_noun_agreement	0.9086449217714134	384	2	2*384	4139520
layers_2_hs_384_heads_12_cl_256	0	5	ellipsis	0.6287528868360277	384	2	2*384	4139520
layers_2_hs_384_heads_12_cl_256	0	5	filler_gap	0.6820728291316527	384	2	2*384	4139520
layers_2_hs_384_heads_12_cl_256	0	5	irregular_forms	0.9318066157760814	384	2	2*384	4139520
layers_2_hs_384_heads_12_cl_256	0	5	island_effects	0.5422272047832586	384	2	2*384	4139520
layers_2_hs_384_heads_12_cl_256	0	5	npi_licensing	0.6163073185545096	384	2	2*384	4139520
layers_2_hs_384_heads_12_cl_256	0	5	quantifiers	0.7071097372488409	384	2	2*384	4139520
layers_2_hs_384_heads_12_cl_256	0	5	subject_verb_agreement	0.7575429087624209	384	2	2*384	4139520
layers_2_hs_384_heads_12_cl_256	0	5	hypernym	0.47674418604651164	384	2	2*384	4139520
layers_2_hs_384_heads_12_cl_256	0	5	qa_congruence_easy	0.546875	384	2	2*384	4139520
layers_2_hs_384_heads_12_cl_256	0	5	qa_congruence_tricky	0.42424242424242425	384	2	2*384	4139520
layers_2_hs_384_heads_12_cl_256	0	5	subject_aux_inversion	0.8065381800439132	384	2	2*384	4139520
layers_2_hs_384_heads_12_cl_256	0	5	turn_taking	0.6714285714285714	384	2	2*384	4139520
layers_2_hs_768_heads_12_cl_256	13	5	anaphor_agreement	0.9749488752556237	768	2	2*768	14177280
layers_2_hs_768_heads_12_cl_256	13	5	argument_structure	0.7790979631425801	768	2	2*768	14177280
layers_2_hs_768_heads_12_cl_256	13	5	binding	0.7119323241317899	768	2	2*768	14177280
layers_2_hs_768_heads_12_cl_256	13	5	control_raising	0.7174105170128149	768	2	2*768	14177280
layers_2_hs_768_heads_12_cl_256	13	5	determiner_noun_agreement	0.9168655529037391	768	2	2*768	14177280
layers_2_hs_768_heads_12_cl_256	13	5	ellipsis	0.6991916859122402	768	2	2*768	14177280
layers_2_hs_768_heads_12_cl_256	13	5	filler_gap	0.7033924680983504	768	2	2*768	14177280
layers_2_hs_768_heads_12_cl_256	13	5	irregular_forms	0.9363867684478372	768	2	2*768	14177280
layers_2_hs_768_heads_12_cl_256	13	5	island_effects	0.5366218236173393	768	2	2*768	14177280
layers_2_hs_768_heads_12_cl_256	13	5	npi_licensing	0.5696932887944124	768	2	2*768	14177280
layers_2_hs_768_heads_12_cl_256	13	5	quantifiers	0.7076249356002061	768	2	2*768	14177280
layers_2_hs_768_heads_12_cl_256	13	5	subject_verb_agreement	0.7859078590785907	768	2	2*768	14177280
layers_2_hs_768_heads_12_cl_256	13	5	hypernym	0.4569767441860465	768	2	2*768	14177280
layers_2_hs_768_heads_12_cl_256	13	5	qa_congruence_easy	0.609375	768	2	2*768	14177280
layers_2_hs_768_heads_12_cl_256	13	5	qa_congruence_tricky	0.42424242424242425	768	2	2*768	14177280
layers_2_hs_768_heads_12_cl_256	13	5	subject_aux_inversion	0.7999512076116125	768	2	2*768	14177280
layers_2_hs_768_heads_12_cl_256	13	5	turn_taking	0.7321428571428571	768	2	2*768	14177280
layers_2_hs_768_heads_12_cl_256	0	5	anaphor_agreement	0.9723926380368099	768	2	2*768	14177280
layers_2_hs_768_heads_12_cl_256	0	5	argument_structure	0.7698836081474297	768	2	2*768	14177280
layers_2_hs_768_heads_12_cl_256	0	5	binding	0.724102107450282	768	2	2*768	14177280
layers_2_hs_768_heads_12_cl_256	0	5	control_raising	0.7176314626601856	768	2	2*768	14177280
layers_2_hs_768_heads_12_cl_256	0	5	determiner_noun_agreement	0.9281357730045081	768	2	2*768	14177280
layers_2_hs_768_heads_12_cl_256	0	5	ellipsis	0.6922632794457275	768	2	2*768	14177280
layers_2_hs_768_heads_12_cl_256	0	5	filler_gap	0.688608776844071	768	2	2*768	14177280
layers_2_hs_768_heads_12_cl_256	0	5	irregular_forms	0.9017811704834605	768	2	2*768	14177280
layers_2_hs_768_heads_12_cl_256	0	5	island_effects	0.507473841554559	768	2	2*768	14177280
layers_2_hs_768_heads_12_cl_256	0	5	npi_licensing	0.6223808077740662	768	2	2*768	14177280
layers_2_hs_768_heads_12_cl_256	0	5	quantifiers	0.6749098402885111	768	2	2*768	14177280
layers_2_hs_768_heads_12_cl_256	0	5	subject_verb_agreement	0.802710027100271	768	2	2*768	14177280
layers_2_hs_768_heads_12_cl_256	0	5	hypernym	0.4848837209302326	768	2	2*768	14177280
layers_2_hs_768_heads_12_cl_256	0	5	qa_congruence_easy	0.59375	768	2	2*768	14177280
layers_2_hs_768_heads_12_cl_256	0	5	qa_congruence_tricky	0.40606060606060607	768	2	2*768	14177280
layers_2_hs_768_heads_12_cl_256	0	5	subject_aux_inversion	0.8067821419858502	768	2	2*768	14177280
layers_2_hs_768_heads_12_cl_256	0	5	turn_taking	0.6857142857142857	768	2	2*768	14177280
layers_2_hs_1536_heads_12_cl_256	13	5	anaphor_agreement	0.9662576687116564	1536	2	2*1536	59025408
layers_2_hs_1536_heads_12_cl_256	13	5	argument_structure	0.7693986420950534	1536	2	2*1536	59025408
layers_2_hs_1536_heads_12_cl_256	13	5	binding	0.7377560106856634	1536	2	2*1536	59025408
layers_2_hs_1536_heads_12_cl_256	13	5	control_raising	0.7333186036235086	1536	2	2*1536	59025408
layers_2_hs_1536_heads_12_cl_256	13	5	determiner_noun_agreement	0.9215062317687616	1536	2	2*1536	59025408
layers_2_hs_1536_heads_12_cl_256	13	5	ellipsis	0.7055427251732102	1536	2	2*1536	59025408
layers_2_hs_1536_heads_12_cl_256	13	5	filler_gap	0.7141300964830377	1536	2	2*1536	59025408
layers_2_hs_1536_heads_12_cl_256	13	5	irregular_forms	0.9348600508905852	1536	2	2*1536	59025408
layers_2_hs_1536_heads_12_cl_256	13	5	island_effects	0.6057548579970105	1536	2	2*1536	59025408
layers_2_hs_1536_heads_12_cl_256	13	5	npi_licensing	0.6401457637412694	1536	2	2*1536	59025408
layers_2_hs_1536_heads_12_cl_256	13	5	quantifiers	0.6749098402885111	1536	2	2*1536	59025408
layers_2_hs_1536_heads_12_cl_256	13	5	subject_verb_agreement	0.798193315266486	1536	2	2*1536	59025408
layers_2_hs_1536_heads_12_cl_256	13	5	hypernym	0.48604651162790696	1536	2	2*1536	59025408
layers_2_hs_1536_heads_12_cl_256	13	5	qa_congruence_easy	0.65625	1536	2	2*1536	59025408
layers_2_hs_1536_heads_12_cl_256	13	5	qa_congruence_tricky	0.42424242424242425	1536	2	2*1536	59025408
layers_2_hs_1536_heads_12_cl_256	13	5	subject_aux_inversion	0.8709441327152964	1536	2	2*1536	59025408
layers_2_hs_1536_heads_12_cl_256	13	5	turn_taking	0.7142857142857143	1536	2	2*1536	59025408
layers_2_hs_1536_heads_12_cl_256	0	5	anaphor_agreement	0.9795501022494888	1536	2	2*1536	59025408
layers_2_hs_1536_heads_12_cl_256	0	5	argument_structure	0.7777643064985451	1536	2	2*1536	59025408
layers_2_hs_1536_heads_12_cl_256	0	5	binding	0.6821015138023152	1536	2	2*1536	59025408
layers_2_hs_1536_heads_12_cl_256	0	5	control_raising	0.7288996906760937	1536	2	2*1536	59025408
layers_2_hs_1536_heads_12_cl_256	0	5	determiner_noun_agreement	0.9310527711482366	1536	2	2*1536	59025408
layers_2_hs_1536_heads_12_cl_256	0	5	ellipsis	0.73094688221709	1536	2	2*1536	59025408
layers_2_hs_1536_heads_12_cl_256	0	5	filler_gap	0.7217553688141923	1536	2	2*1536	59025408
layers_2_hs_1536_heads_12_cl_256	0	5	irregular_forms	0.9216284987277353	1536	2	2*1536	59025408
layers_2_hs_1536_heads_12_cl_256	0	5	island_effects	0.5384902840059791	1536	2	2*1536	59025408
layers_2_hs_1536_heads_12_cl_256	0	5	npi_licensing	0.6178256908593988	1536	2	2*1536	59025408
layers_2_hs_1536_heads_12_cl_256	0	5	quantifiers	0.744719216898506	1536	2	2*1536	59025408
layers_2_hs_1536_heads_12_cl_256	0	5	subject_verb_agreement	0.8202348690153568	1536	2	2*1536	59025408
layers_2_hs_1536_heads_12_cl_256	0	5	hypernym	0.47325581395348837	1536	2	2*1536	59025408
layers_2_hs_1536_heads_12_cl_256	0	5	qa_congruence_easy	0.65625	1536	2	2*1536	59025408
layers_2_hs_1536_heads_12_cl_256	0	5	qa_congruence_tricky	0.4	1536	2	2*1536	59025408
layers_2_hs_1536_heads_12_cl_256	0	5	subject_aux_inversion	0.843620395218346	1536	2	2*1536	59025408
layers_2_hs_1536_heads_12_cl_256	0	5	turn_taking	0.7142857142857143	1536	2	2*1536	59025408
layers_4_hs_192_heads_12_cl_256	0	5	anaphor_agreement	0.950920245398773	192	4	4*192	2074752
layers_4_hs_192_heads_12_cl_256	0	5	argument_structure	0.7560620756547042	192	4	4*192	2074752
layers_4_hs_192_heads_12_cl_256	0	5	binding	0.7002077767883645	192	4	4*192	2074752
layers_4_hs_192_heads_12_cl_256	0	5	control_raising	0.6992929739284136	192	4	4*192	2074752
layers_4_hs_192_heads_12_cl_256	0	5	determiner_noun_agreement	0.9010872447626624	192	4	4*192	2074752
layers_4_hs_192_heads_12_cl_256	0	5	ellipsis	0.674364896073903	192	4	4*192	2074752
layers_4_hs_192_heads_12_cl_256	0	5	filler_gap	0.6814503579209461	192	4	4*192	2074752
layers_4_hs_192_heads_12_cl_256	0	5	irregular_forms	0.9287531806615776	192	4	4*192	2074752
layers_4_hs_192_heads_12_cl_256	0	5	island_effects	0.5213004484304933	192	4	4*192	2074752
layers_4_hs_192_heads_12_cl_256	0	5	npi_licensing	0.5326450045551169	192	4	4*192	2074752
layers_4_hs_192_heads_12_cl_256	0	5	quantifiers	0.7364760432766615	192	4	4*192	2074752
layers_4_hs_192_heads_12_cl_256	0	5	subject_verb_agreement	0.7519421860885276	192	4	4*192	2074752
layers_4_hs_192_heads_12_cl_256	0	5	hypernym	0.4720930232558139	192	4	4*192	2074752
layers_4_hs_192_heads_12_cl_256	0	5	qa_congruence_easy	0.59375	192	4	4*192	2074752
layers_4_hs_192_heads_12_cl_256	0	5	qa_congruence_tricky	0.2727272727272727	192	4	4*192	2074752
layers_4_hs_192_heads_12_cl_256	0	5	subject_aux_inversion	0.8431324713344718	192	4	4*192	2074752
layers_4_hs_192_heads_12_cl_256	0	5	turn_taking	0.6535714285714286	192	4	4*192	2074752
layers_4_hs_192_heads_12_cl_256	13	5	anaphor_agreement	0.9601226993865031	192	4	4*192	2074752
layers_4_hs_192_heads_12_cl_256	13	5	argument_structure	0.760184287099903	192	4	4*192	2074752
layers_4_hs_192_heads_12_cl_256	13	5	binding	0.7450281982784209	192	4	4*192	2074752
layers_4_hs_192_heads_12_cl_256	13	5	control_raising	0.6851524524966858	192	4	4*192	2074752
layers_4_hs_192_heads_12_cl_256	13	5	determiner_noun_agreement	0.8994961548660833	192	4	4*192	2074752
layers_4_hs_192_heads_12_cl_256	13	5	ellipsis	0.6524249422632794	192	4	4*192	2074752
layers_4_hs_192_heads_12_cl_256	13	5	filler_gap	0.6693121693121693	192	4	4*192	2074752
layers_4_hs_192_heads_12_cl_256	13	5	irregular_forms	0.9185750636132316	192	4	4*192	2074752
layers_4_hs_192_heads_12_cl_256	13	5	island_effects	0.5945440956651719	192	4	4*192	2074752
layers_4_hs_192_heads_12_cl_256	13	5	npi_licensing	0.6346796234436684	192	4	4*192	2074752
layers_4_hs_192_heads_12_cl_256	13	5	quantifiers	0.720504894384338	192	4	4*192	2074752
layers_4_hs_192_heads_12_cl_256	13	5	subject_verb_agreement	0.7398373983739838	192	4	4*192	2074752
layers_4_hs_192_heads_12_cl_256	13	5	hypernym	0.49883720930232556	192	4	4*192	2074752
layers_4_hs_192_heads_12_cl_256	13	5	qa_congruence_easy	0.5625	192	4	4*192	2074752
layers_4_hs_192_heads_12_cl_256	13	5	qa_congruence_tricky	0.3878787878787879	192	4	4*192	2074752
layers_4_hs_192_heads_12_cl_256	13	5	subject_aux_inversion	0.8380092705537936	192	4	4*192	2074752
layers_4_hs_192_heads_12_cl_256	13	5	turn_taking	0.6357142857142857	192	4	4*192	2074752
layers_4_hs_384_heads_12_cl_256	13	5	anaphor_agreement	0.9703476482617587	384	4	4*384	7688448
layers_4_hs_384_heads_12_cl_256	13	5	argument_structure	0.7755819592628516	384	4	4*384	7688448
layers_4_hs_384_heads_12_cl_256	13	5	binding	0.7497773820124666	384	4	4*384	7688448
layers_4_hs_384_heads_12_cl_256	13	5	control_raising	0.7057003977021653	384	4	4*384	7688448
layers_4_hs_384_heads_12_cl_256	13	5	determiner_noun_agreement	0.9314505436223813	384	4	4*384	7688448
layers_4_hs_384_heads_12_cl_256	13	5	ellipsis	0.7020785219399538	384	4	4*384	7688448
layers_4_hs_384_heads_12_cl_256	13	5	filler_gap	0.7038593215063803	384	4	4*384	7688448
layers_4_hs_384_heads_12_cl_256	13	5	irregular_forms	0.8941475826972011	384	4	4*384	7688448
layers_4_hs_384_heads_12_cl_256	13	5	island_effects	0.5855754857997011	384	4	4*384	7688448
layers_4_hs_384_heads_12_cl_256	13	5	npi_licensing	0.6501670209535378	384	4	4*384	7688448
layers_4_hs_384_heads_12_cl_256	13	5	quantifiers	0.7416280267903143	384	4	4*384	7688448
layers_4_hs_384_heads_12_cl_256	13	5	subject_verb_agreement	0.8308943089430895	384	4	4*384	7688448
layers_4_hs_384_heads_12_cl_256	13	5	hypernym	0.48023255813953486	384	4	4*384	7688448
layers_4_hs_384_heads_12_cl_256	13	5	qa_congruence_easy	0.609375	384	4	4*384	7688448
layers_4_hs_384_heads_12_cl_256	13	5	qa_congruence_tricky	0.3575757575757576	384	4	4*384	7688448
layers_4_hs_384_heads_12_cl_256	13	5	subject_aux_inversion	0.7928763112954379	384	4	4*384	7688448
layers_4_hs_384_heads_12_cl_256	13	5	turn_taking	0.6964285714285714	384	4	4*384	7688448
layers_4_hs_384_heads_12_cl_256	0	5	anaphor_agreement	0.9703476482617587	384	4	4*384	7688448
layers_4_hs_384_heads_12_cl_256	0	5	argument_structure	0.7763094083414162	384	4	4*384	7688448
layers_4_hs_384_heads_12_cl_256	0	5	binding	0.7347877708518848	384	4	4*384	7688448
layers_4_hs_384_heads_12_cl_256	0	5	control_raising	0.7034909412284578	384	4	4*384	7688448
layers_4_hs_384_heads_12_cl_256	0	5	determiner_noun_agreement	0.9346327234155396	384	4	4*384	7688448
layers_4_hs_384_heads_12_cl_256	0	5	ellipsis	0.6778290993071594	384	4	4*384	7688448
layers_4_hs_384_heads_12_cl_256	0	5	filler_gap	0.7150638032990975	384	4	4*384	7688448
layers_4_hs_384_heads_12_cl_256	0	5	irregular_forms	0.9241730279898219	384	4	4*384	7688448
layers_4_hs_384_heads_12_cl_256	0	5	island_effects	0.6068759342301944	384	4	4*384	7688448
layers_4_hs_384_heads_12_cl_256	0	5	npi_licensing	0.653507440024294	384	4	4*384	7688448
layers_4_hs_384_heads_12_cl_256	0	5	quantifiers	0.7527047913446677	384	4	4*384	7688448
layers_4_hs_384_heads_12_cl_256	0	5	subject_verb_agreement	0.8323396567299006	384	4	4*384	7688448
layers_4_hs_384_heads_12_cl_256	0	5	hypernym	0.48255813953488375	384	4	4*384	7688448
layers_4_hs_384_heads_12_cl_256	0	5	qa_congruence_easy	0.671875	384	4	4*384	7688448
layers_4_hs_384_heads_12_cl_256	0	5	qa_congruence_tricky	0.46060606060606063	384	4	4*384	7688448
layers_4_hs_384_heads_12_cl_256	0	5	subject_aux_inversion	0.8406928519151012	384	4	4*384	7688448
layers_4_hs_384_heads_12_cl_256	0	5	turn_taking	0.7214285714285714	384	4	4*384	7688448
layers_4_hs_768_heads_12_cl_256	13	5	anaphor_agreement	0.9713701431492843	768	4	4*768	28353024
layers_4_hs_768_heads_12_cl_256	13	5	argument_structure	0.7868574199806013	768	4	4*768	28353024
layers_4_hs_768_heads_12_cl_256	13	5	binding	0.7310774710596616	768	4	4*768	28353024
layers_4_hs_768_heads_12_cl_256	13	5	control_raising	0.7324348210340257	768	4	4*768	28353024
layers_4_hs_768_heads_12_cl_256	13	5	determiner_noun_agreement	0.9233625033147707	768	4	4*768	28353024
layers_4_hs_768_heads_12_cl_256	13	5	ellipsis	0.7413394919168591	768	4	4*768	28353024
layers_4_hs_768_heads_12_cl_256	13	5	filler_gap	0.7282913165266106	768	4	4*768	28353024
layers_4_hs_768_heads_12_cl_256	13	5	irregular_forms	0.9043256997455471	768	4	4*768	28353024
layers_4_hs_768_heads_12_cl_256	13	5	island_effects	0.6266816143497758	768	4	4*768	28353024
layers_4_hs_768_heads_12_cl_256	13	5	npi_licensing	0.6761311873671424	768	4	4*768	28353024
layers_4_hs_768_heads_12_cl_256	13	5	quantifiers	0.67284904688305	768	4	4*768	28353024
layers_4_hs_768_heads_12_cl_256	13	5	subject_verb_agreement	0.844263775971093	768	4	4*768	28353024
layers_4_hs_768_heads_12_cl_256	13	5	hypernym	0.49767441860465117	768	4	4*768	28353024
layers_4_hs_768_heads_12_cl_256	13	5	qa_congruence_easy	0.609375	768	4	4*768	28353024
layers_4_hs_768_heads_12_cl_256	13	5	qa_congruence_tricky	0.45454545454545453	768	4	4*768	28353024
layers_4_hs_768_heads_12_cl_256	13	5	subject_aux_inversion	0.8262990973408149	768	4	4*768	28353024
layers_4_hs_768_heads_12_cl_256	13	5	turn_taking	0.7285714285714285	768	4	4*768	28353024
layers_4_hs_768_heads_12_cl_256	0	5	anaphor_agreement	0.9759713701431493	768	4	4*768	28353024
layers_4_hs_768_heads_12_cl_256	0	5	argument_structure	0.790615906886518	768	4	4*768	28353024
layers_4_hs_768_heads_12_cl_256	0	5	binding	0.740724250519442	768	4	4*768	28353024
layers_4_hs_768_heads_12_cl_256	0	5	control_raising	0.7271321254971277	768	4	4*768	28353024
layers_4_hs_768_heads_12_cl_256	0	5	determiner_noun_agreement	0.939538583929992	768	4	4*768	28353024
layers_4_hs_768_heads_12_cl_256	0	5	ellipsis	0.7627020785219399	768	4	4*768	28353024
layers_4_hs_768_heads_12_cl_256	0	5	filler_gap	0.7315592903828197	768	4	4*768	28353024
layers_4_hs_768_heads_12_cl_256	0	5	irregular_forms	0.9114503816793893	768	4	4*768	28353024
layers_4_hs_768_heads_12_cl_256	0	5	island_effects	0.6341554559043349	768	4	4*768	28353024
layers_4_hs_768_heads_12_cl_256	0	5	npi_licensing	0.6556331612511388	768	4	4*768	28353024
layers_4_hs_768_heads_12_cl_256	0	5	quantifiers	0.7478104070066975	768	4	4*768	28353024
layers_4_hs_768_heads_12_cl_256	0	5	subject_verb_agreement	0.8552845528455284	768	4	4*768	28353024
layers_4_hs_768_heads_12_cl_256	0	5	hypernym	0.5023255813953489	768	4	4*768	28353024
layers_4_hs_768_heads_12_cl_256	0	5	qa_congruence_easy	0.734375	768	4	4*768	28353024
layers_4_hs_768_heads_12_cl_256	0	5	qa_congruence_tricky	0.43636363636363634	768	4	4*768	28353024
layers_4_hs_768_heads_12_cl_256	0	5	subject_aux_inversion	0.7706757745791657	768	4	4*768	28353024
layers_4_hs_768_heads_12_cl_256	0	5	turn_taking	0.6928571428571428	768	4	4*768	28353024
layers_4_hs_1536_heads_12_cl_256	13	5	anaphor_agreement	0.9846625766871165	1536	4	4*1536	115688448
layers_4_hs_1536_heads_12_cl_256	13	5	argument_structure	0.7854025218234724	1536	4	4*1536	115688448
layers_4_hs_1536_heads_12_cl_256	13	5	binding	0.7258830513505491	1536	4	4*1536	115688448
layers_4_hs_1536_heads_12_cl_256	13	5	control_raising	0.7284577993813521	1536	4	4*1536	115688448
layers_4_hs_1536_heads_12_cl_256	13	5	determiner_noun_agreement	0.9351630867143994	1536	4	4*1536	115688448
layers_4_hs_1536_heads_12_cl_256	13	5	ellipsis	0.812933025404157	1536	4	4*1536	115688448
layers_4_hs_1536_heads_12_cl_256	13	5	filler_gap	0.7450980392156863	1536	4	4*1536	115688448
layers_4_hs_1536_heads_12_cl_256	13	5	irregular_forms	0.8926208651399491	1536	4	4*1536	115688448
layers_4_hs_1536_heads_12_cl_256	13	5	island_effects	0.6431240657698056	1536	4	4*1536	115688448
layers_4_hs_1536_heads_12_cl_256	13	5	npi_licensing	0.716671727907683	1536	4	4*1536	115688448
layers_4_hs_1536_heads_12_cl_256	13	5	quantifiers	0.7743431221020093	1536	4	4*1536	115688448
layers_4_hs_1536_heads_12_cl_256	13	5	subject_verb_agreement	0.8693766937669377	1536	4	4*1536	115688448
layers_4_hs_1536_heads_12_cl_256	13	5	hypernym	0.49534883720930234	1536	4	4*1536	115688448
layers_4_hs_1536_heads_12_cl_256	13	5	qa_congruence_easy	0.703125	1536	4	4*1536	115688448
layers_4_hs_1536_heads_12_cl_256	13	5	qa_congruence_tricky	0.46060606060606063	1536	4	4*1536	115688448
layers_4_hs_1536_heads_12_cl_256	13	5	subject_aux_inversion	0.7926323493535009	1536	4	4*1536	115688448
layers_4_hs_1536_heads_12_cl_256	13	5	turn_taking	0.7214285714285714	1536	4	4*1536	115688448
layers_4_hs_1536_heads_12_cl_256	0	5	anaphor_agreement	0.9831288343558282	1536	4	4*1536	115688448
layers_4_hs_1536_heads_12_cl_256	0	5	argument_structure	0.7977691561590688	1536	4	4*1536	115688448
layers_4_hs_1536_heads_12_cl_256	0	5	binding	0.7238052834669041	1536	4	4*1536	115688448
layers_4_hs_1536_heads_12_cl_256	0	5	control_raising	0.7392841361025188	1536	4	4*1536	115688448
layers_4_hs_1536_heads_12_cl_256	0	5	determiner_noun_agreement	0.9463007159904535	1536	4	4*1536	115688448
layers_4_hs_1536_heads_12_cl_256	0	5	ellipsis	0.7488452655889145	1536	4	4*1536	115688448
layers_4_hs_1536_heads_12_cl_256	0	5	filler_gap	0.7480547774665421	1536	4	4*1536	115688448
layers_4_hs_1536_heads_12_cl_256	0	5	irregular_forms	0.9017811704834605	1536	4	4*1536	115688448
layers_4_hs_1536_heads_12_cl_256	0	5	island_effects	0.6618086696562033	1536	4	4*1536	115688448
layers_4_hs_1536_heads_12_cl_256	0	5	npi_licensing	0.7160643789857273	1536	4	4*1536	115688448
layers_4_hs_1536_heads_12_cl_256	0	5	quantifiers	0.7073673364245234	1536	4	4*1536	115688448
layers_4_hs_1536_heads_12_cl_256	0	5	subject_verb_agreement	0.8634146341463415	1536	4	4*1536	115688448
layers_4_hs_1536_heads_12_cl_256	0	5	hypernym	0.4697674418604651	1536	4	4*1536	115688448
layers_4_hs_1536_heads_12_cl_256	0	5	qa_congruence_easy	0.71875	1536	4	4*1536	115688448
layers_4_hs_1536_heads_12_cl_256	0	5	qa_congruence_tricky	0.4666666666666667	1536	4	4*1536	115688448
layers_4_hs_1536_heads_12_cl_256	0	5	subject_aux_inversion	0.8463039765796536	1536	4	4*1536	115688448
layers_4_hs_1536_heads_12_cl_256	0	5	turn_taking	0.7857142857142857	1536	4	4*1536	115688448
layers_8_hs_192_heads_12_cl_256	13	5	anaphor_agreement	0.9412065439672802	192	8	8*192	3854208
layers_8_hs_192_heads_12_cl_256	13	5	argument_structure	0.7681862269641125	192	8	8*192	3854208
layers_8_hs_192_heads_12_cl_256	13	5	binding	0.7248441674087266	192	8	8*192	3854208
layers_8_hs_192_heads_12_cl_256	13	5	control_raising	0.7238179407865665	192	8	8*192	3854208
layers_8_hs_192_heads_12_cl_256	13	5	determiner_noun_agreement	0.9236276849642004	192	8	8*192	3854208
layers_8_hs_192_heads_12_cl_256	13	5	ellipsis	0.714203233256351	192	8	8*192	3854208
layers_8_hs_192_heads_12_cl_256	13	5	filler_gap	0.7128851540616247	192	8	8*192	3854208
layers_8_hs_192_heads_12_cl_256	13	5	irregular_forms	0.8793893129770992	192	8	8*192	3854208
layers_8_hs_192_heads_12_cl_256	13	5	island_effects	0.5119581464872944	192	8	8*192	3854208
layers_8_hs_192_heads_12_cl_256	13	5	npi_licensing	0.6257212268448223	192	8	8*192	3854208
layers_8_hs_192_heads_12_cl_256	13	5	quantifiers	0.6996393611540443	192	8	8*192	3854208
layers_8_hs_192_heads_12_cl_256	13	5	subject_verb_agreement	0.8164408310749774	192	8	8*192	3854208
layers_8_hs_192_heads_12_cl_256	13	5	hypernym	0.4744186046511628	192	8	8*192	3854208
layers_8_hs_192_heads_12_cl_256	13	5	qa_congruence_easy	0.546875	192	8	8*192	3854208
layers_8_hs_192_heads_12_cl_256	13	5	qa_congruence_tricky	0.3212121212121212	192	8	8*192	3854208
layers_8_hs_192_heads_12_cl_256	13	5	subject_aux_inversion	0.7997072456696755	192	8	8*192	3854208
layers_8_hs_192_heads_12_cl_256	13	5	turn_taking	0.6285714285714286	192	8	8*192	3854208
layers_8_hs_192_heads_12_cl_256	0	5	anaphor_agreement	0.9657464212678937	192	8	8*192	3854208
layers_8_hs_192_heads_12_cl_256	0	5	argument_structure	0.7700048496605237	192	8	8*192	3854208
layers_8_hs_192_heads_12_cl_256	0	5	binding	0.7181656277827249	192	8	8*192	3854208
layers_8_hs_192_heads_12_cl_256	0	5	control_raising	0.729562527618206	192	8	8*192	3854208
layers_8_hs_192_heads_12_cl_256	0	5	determiner_noun_agreement	0.9106337841421374	192	8	8*192	3854208
layers_8_hs_192_heads_12_cl_256	0	5	ellipsis	0.7020785219399538	192	8	8*192	3854208
layers_8_hs_192_heads_12_cl_256	0	5	filler_gap	0.6830065359477124	192	8	8*192	3854208
layers_8_hs_192_heads_12_cl_256	0	5	irregular_forms	0.9333333333333333	192	8	8*192	3854208
layers_8_hs_192_heads_12_cl_256	0	5	island_effects	0.5893124065769806	192	8	8*192	3854208
layers_8_hs_192_heads_12_cl_256	0	5	npi_licensing	0.6254175523838446	192	8	8*192	3854208
layers_8_hs_192_heads_12_cl_256	0	5	quantifiers	0.7452344152498712	192	8	8*192	3854208
layers_8_hs_192_heads_12_cl_256	0	5	subject_verb_agreement	0.808130081300813	192	8	8*192	3854208
layers_8_hs_192_heads_12_cl_256	0	5	hypernym	0.4883720930232558	192	8	8*192	3854208
layers_8_hs_192_heads_12_cl_256	0	5	qa_congruence_easy	0.640625	192	8	8*192	3854208
layers_8_hs_192_heads_12_cl_256	0	5	qa_congruence_tricky	0.32727272727272727	192	8	8*192	3854208
layers_8_hs_192_heads_12_cl_256	0	5	subject_aux_inversion	0.8292266406440595	192	8	8*192	3854208
layers_8_hs_192_heads_12_cl_256	0	5	turn_taking	0.6964285714285714	192	8	8*192	3854208
layers_8_hs_384_heads_12_cl_256	13	5	anaphor_agreement	0.9851738241308794	384	8	8*384	14786304
layers_8_hs_384_heads_12_cl_256	13	5	argument_structure	0.7925557710960233	384	8	8*384	14786304
layers_8_hs_384_heads_12_cl_256	13	5	binding	0.7422083704363313	384	8	8*384	14786304
layers_8_hs_384_heads_12_cl_256	13	5	control_raising	0.7423773751657092	384	8	8*384	14786304
layers_8_hs_384_heads_12_cl_256	13	5	determiner_noun_agreement	0.9429859453725802	384	8	8*384	14786304
layers_8_hs_384_heads_12_cl_256	13	5	ellipsis	0.7482678983833718	384	8	8*384	14786304
layers_8_hs_384_heads_12_cl_256	13	5	filler_gap	0.7259570494864612	384	8	8*384	14786304
layers_8_hs_384_heads_12_cl_256	13	5	irregular_forms	0.8931297709923665	384	8	8*384	14786304
layers_8_hs_384_heads_12_cl_256	13	5	island_effects	0.6748878923766816	384	8	8*384	14786304
layers_8_hs_384_heads_12_cl_256	13	5	npi_licensing	0.6392347403583358	384	8	8*384	14786304
layers_8_hs_384_heads_12_cl_256	13	5	quantifiers	0.7393096342091705	384	8	8*384	14786304
layers_8_hs_384_heads_12_cl_256	13	5	subject_verb_agreement	0.8543812104787715	384	8	8*384	14786304
layers_8_hs_384_heads_12_cl_256	13	5	hypernym	0.46744186046511627	384	8	8*384	14786304
layers_8_hs_384_heads_12_cl_256	13	5	qa_congruence_easy	0.671875	384	8	8*384	14786304
layers_8_hs_384_heads_12_cl_256	13	5	qa_congruence_tricky	0.4484848484848485	384	8	8*384	14786304
layers_8_hs_384_heads_12_cl_256	13	5	subject_aux_inversion	0.8158087338375214	384	8	8*384	14786304
layers_8_hs_384_heads_12_cl_256	13	5	turn_taking	0.7142857142857143	384	8	8*384	14786304
layers_8_hs_384_heads_12_cl_256	0	5	anaphor_agreement	0.9631901840490797	384	8	8*384	14786304
layers_8_hs_384_heads_12_cl_256	0	5	argument_structure	0.7966779825412221	384	8	8*384	14786304
layers_8_hs_384_heads_12_cl_256	0	5	binding	0.7352330068269516	384	8	8*384	14786304
layers_8_hs_384_heads_12_cl_256	0	5	control_raising	0.7428192664604507	384	8	8*384	14786304
layers_8_hs_384_heads_12_cl_256	0	5	determiner_noun_agreement	0.9482895783611774	384	8	8*384	14786304
layers_8_hs_384_heads_12_cl_256	0	5	ellipsis	0.7742494226327945	384	8	8*384	14786304
layers_8_hs_384_heads_12_cl_256	0	5	filler_gap	0.7164643635231871	384	8	8*384	14786304
layers_8_hs_384_heads_12_cl_256	0	5	irregular_forms	0.9089058524173028	384	8	8*384	14786304
layers_8_hs_384_heads_12_cl_256	0	5	island_effects	0.6150971599402093	384	8	8*384	14786304
layers_8_hs_384_heads_12_cl_256	0	5	npi_licensing	0.656999696325539	384	8	8*384	14786304
layers_8_hs_384_heads_12_cl_256	0	5	quantifiers	0.7746007212776919	384	8	8*384	14786304
layers_8_hs_384_heads_12_cl_256	0	5	subject_verb_agreement	0.8565492321589883	384	8	8*384	14786304
layers_8_hs_384_heads_12_cl_256	0	5	hypernym	0.48604651162790696	384	8	8*384	14786304
layers_8_hs_384_heads_12_cl_256	0	5	qa_congruence_easy	0.65625	384	8	8*384	14786304
layers_8_hs_384_heads_12_cl_256	0	5	qa_congruence_tricky	0.503030303030303	384	8	8*384	14786304
layers_8_hs_384_heads_12_cl_256	0	5	subject_aux_inversion	0.8426445474505977	384	8	8*384	14786304
layers_8_hs_384_heads_12_cl_256	0	5	turn_taking	0.75	384	8	8*384	14786304
layers_8_hs_768_heads_12_cl_256	0	5	anaphor_agreement	0.9821063394683026	768	8	8*768	56704512
layers_8_hs_768_heads_12_cl_256	0	5	argument_structure	0.7880698351115422	768	8	8*768	56704512
layers_8_hs_768_heads_12_cl_256	0	5	binding	0.7512615019293559	768	8	8*768	56704512
layers_8_hs_768_heads_12_cl_256	0	5	control_raising	0.7372956252761821	768	8	8*768	56704512
layers_8_hs_768_heads_12_cl_256	0	5	determiner_noun_agreement	0.9352956775391142	768	8	8*768	56704512
layers_8_hs_768_heads_12_cl_256	0	5	ellipsis	0.8285219399538106	768	8	8*768	56704512
layers_8_hs_768_heads_12_cl_256	0	5	filler_gap	0.7432306255835668	768	8	8*768	56704512
layers_8_hs_768_heads_12_cl_256	0	5	irregular_forms	0.9145038167938931	768	8	8*768	56704512
layers_8_hs_768_heads_12_cl_256	0	5	island_effects	0.6349028400597907	768	8	8*768	56704512
layers_8_hs_768_heads_12_cl_256	0	5	npi_licensing	0.6791679319769207	768	8	8*768	56704512
layers_8_hs_768_heads_12_cl_256	0	5	quantifiers	0.7380216383307573	768	8	8*768	56704512
layers_8_hs_768_heads_12_cl_256	0	5	subject_verb_agreement	0.8679313459801264	768	8	8*768	56704512
layers_8_hs_768_heads_12_cl_256	0	5	hypernym	0.4790697674418605	768	8	8*768	56704512
layers_8_hs_768_heads_12_cl_256	0	5	qa_congruence_easy	0.671875	768	8	8*768	56704512
layers_8_hs_768_heads_12_cl_256	0	5	qa_congruence_tricky	0.5393939393939394	768	8	8*768	56704512
layers_8_hs_768_heads_12_cl_256	0	5	subject_aux_inversion	0.8526469870700171	768	8	8*768	56704512
layers_8_hs_768_heads_12_cl_256	0	5	turn_taking	0.7928571428571428	768	8	8*768	56704512
layers_8_hs_768_heads_12_cl_256	13	5	anaphor_agreement	0.9887525562372188	768	8	8*768	56704512
layers_8_hs_768_heads_12_cl_256	13	5	argument_structure	0.7963142580019399	768	8	8*768	56704512
layers_8_hs_768_heads_12_cl_256	13	5	binding	0.728257643217572	768	8	8*768	56704512
layers_8_hs_768_heads_12_cl_256	13	5	control_raising	0.7520989836500221	768	8	8*768	56704512
layers_8_hs_768_heads_12_cl_256	13	5	determiner_noun_agreement	0.939538583929992	768	8	8*768	56704512
layers_8_hs_768_heads_12_cl_256	13	5	ellipsis	0.8042725173210161	768	8	8*768	56704512
layers_8_hs_768_heads_12_cl_256	13	5	filler_gap	0.7323373793962029	768	8	8*768	56704512
layers_8_hs_768_heads_12_cl_256	13	5	irregular_forms	0.9297709923664123	768	8	8*768	56704512
layers_8_hs_768_heads_12_cl_256	13	5	island_effects	0.6875934230194319	768	8	8*768	56704512
layers_8_hs_768_heads_12_cl_256	13	5	npi_licensing	0.6819010021257212	768	8	8*768	56704512
layers_8_hs_768_heads_12_cl_256	13	5	quantifiers	0.714064914992272	768	8	8*768	56704512
layers_8_hs_768_heads_12_cl_256	13	5	subject_verb_agreement	0.8706413730803975	768	8	8*768	56704512
layers_8_hs_768_heads_12_cl_256	13	5	hypernym	0.4755813953488372	768	8	8*768	56704512
layers_8_hs_768_heads_12_cl_256	13	5	qa_congruence_easy	0.703125	768	8	8*768	56704512
layers_8_hs_768_heads_12_cl_256	13	5	qa_congruence_tricky	0.509090909090909	768	8	8*768	56704512
layers_8_hs_768_heads_12_cl_256	13	5	subject_aux_inversion	0.8260551353988778	768	8	8*768	56704512
layers_8_hs_768_heads_12_cl_256	13	5	turn_taking	0.775	768	8	8*768	56704512
layers_8_hs_1536_heads_12_cl_256	13	5	anaphor_agreement	0.9785276073619632	1536	8	8*1536	229014528
layers_8_hs_1536_heads_12_cl_256	13	5	argument_structure	0.7889185257032008	1536	8	8*1536	229014528
layers_8_hs_1536_heads_12_cl_256	13	5	binding	0.7546749777382012	1536	8	8*1536	229014528
layers_8_hs_1536_heads_12_cl_256	13	5	control_raising	0.7372956252761821	1536	8	8*1536	229014528
layers_8_hs_1536_heads_12_cl_256	13	5	determiner_noun_agreement	0.9461681251657386	1536	8	8*1536	229014528
layers_8_hs_1536_heads_12_cl_256	13	5	ellipsis	0.8117782909930716	1536	8	8*1536	229014528
layers_8_hs_1536_heads_12_cl_256	13	5	filler_gap	0.7424525365701836	1536	8	8*1536	229014528
layers_8_hs_1536_heads_12_cl_256	13	5	irregular_forms	0.9267175572519084	1536	8	8*1536	229014528
layers_8_hs_1536_heads_12_cl_256	13	5	island_effects	0.6778774289985052	1536	8	8*1536	229014528
layers_8_hs_1536_heads_12_cl_256	13	5	npi_licensing	0.7043729122380807	1536	8	8*1536	229014528
layers_8_hs_1536_heads_12_cl_256	13	5	quantifiers	0.7065945388974755	1536	8	8*1536	229014528
layers_8_hs_1536_heads_12_cl_256	13	5	subject_verb_agreement	0.8858175248419151	1536	8	8*1536	229014528
layers_8_hs_1536_heads_12_cl_256	13	5	hypernym	0.47790697674418603	1536	8	8*1536	229014528
layers_8_hs_1536_heads_12_cl_256	13	5	qa_congruence_easy	0.640625	1536	8	8*1536	229014528
layers_8_hs_1536_heads_12_cl_256	13	5	qa_congruence_tricky	0.4727272727272727	1536	8	8*1536	229014528
layers_8_hs_1536_heads_12_cl_256	13	5	subject_aux_inversion	0.8443522810441572	1536	8	8*1536	229014528
layers_8_hs_1536_heads_12_cl_256	13	5	turn_taking	0.7857142857142857	1536	8	8*1536	229014528
layers_8_hs_1536_heads_12_cl_256	0	5	anaphor_agreement	0.9805725971370143	1536	8	8*1536	229014528
layers_8_hs_1536_heads_12_cl_256	0	5	argument_structure	0.793525703200776	1536	8	8*1536	229014528
layers_8_hs_1536_heads_12_cl_256	0	5	binding	0.7496289700207777	1536	8	8*1536	229014528
layers_8_hs_1536_heads_12_cl_256	0	5	control_raising	0.7487847989394609	1536	8	8*1536	229014528
layers_8_hs_1536_heads_12_cl_256	0	5	determiner_noun_agreement	0.947228851763458	1536	8	8*1536	229014528
layers_8_hs_1536_heads_12_cl_256	0	5	ellipsis	0.8325635103926097	1536	8	8*1536	229014528
layers_8_hs_1536_heads_12_cl_256	0	5	filler_gap	0.7396514161220044	1536	8	8*1536	229014528
layers_8_hs_1536_heads_12_cl_256	0	5	irregular_forms	0.9043256997455471	1536	8	8*1536	229014528
layers_8_hs_1536_heads_12_cl_256	0	5	island_effects	0.6696562032884903	1536	8	8*1536	229014528
layers_8_hs_1536_heads_12_cl_256	0	5	npi_licensing	0.7087761919222594	1536	8	8*1536	229014528
layers_8_hs_1536_heads_12_cl_256	0	5	quantifiers	0.6998969603297269	1536	8	8*1536	229014528
layers_8_hs_1536_heads_12_cl_256	0	5	subject_verb_agreement	0.8710027100271003	1536	8	8*1536	229014528
layers_8_hs_1536_heads_12_cl_256	0	5	hypernym	0.4813953488372093	1536	8	8*1536	229014528
layers_8_hs_1536_heads_12_cl_256	0	5	qa_congruence_easy	0.71875	1536	8	8*1536	229014528
layers_8_hs_1536_heads_12_cl_256	0	5	qa_congruence_tricky	0.4909090909090909	1536	8	8*1536	229014528
layers_8_hs_1536_heads_12_cl_256	0	5	subject_aux_inversion	0.8672847035862405	1536	8	8*1536	229014528
layers_8_hs_1536_heads_12_cl_256	0	5	turn_taking	0.8	1536	8	8*1536	229014528
layers_16_hs_192_heads_12_cl_256	0	5	anaphor_agreement	0.9790388548057259	192	16	16*192	7413120
layers_16_hs_192_heads_12_cl_256	0	5	argument_structure	0.7815227934044617	192	16	16*192	7413120
layers_16_hs_192_heads_12_cl_256	0	5	binding	0.6920451172454735	192	16	16*192	7413120
layers_16_hs_192_heads_12_cl_256	0	5	control_raising	0.7322138753866548	192	16	16*192	7413120
layers_16_hs_192_heads_12_cl_256	0	5	determiner_noun_agreement	0.9297268629010872	192	16	16*192	7413120
layers_16_hs_192_heads_12_cl_256	0	5	ellipsis	0.7292147806004619	192	16	16*192	7413120
layers_16_hs_192_heads_12_cl_256	0	5	filler_gap	0.723155929038282	192	16	16*192	7413120
layers_16_hs_192_heads_12_cl_256	0	5	irregular_forms	0.9256997455470738	192	16	16*192	7413120
layers_16_hs_192_heads_12_cl_256	0	5	island_effects	0.5911808669656203	192	16	16*192	7413120
layers_16_hs_192_heads_12_cl_256	0	5	npi_licensing	0.647889462496204	192	16	16*192	7413120
layers_16_hs_192_heads_12_cl_256	0	5	quantifiers	0.6640906749098403	192	16	16*192	7413120
layers_16_hs_192_heads_12_cl_256	0	5	subject_verb_agreement	0.8321589882565492	192	16	16*192	7413120
layers_16_hs_192_heads_12_cl_256	0	5	hypernym	0.5	192	16	16*192	7413120
layers_16_hs_192_heads_12_cl_256	0	5	qa_congruence_easy	0.609375	192	16	16*192	7413120
layers_16_hs_192_heads_12_cl_256	0	5	qa_congruence_tricky	0.43636363636363634	192	16	16*192	7413120
layers_16_hs_192_heads_12_cl_256	0	5	subject_aux_inversion	0.8799707245669676	192	16	16*192	7413120
layers_16_hs_192_heads_12_cl_256	0	5	turn_taking	0.6678571428571428	192	16	16*192	7413120
layers_16_hs_192_heads_12_cl_256	13	5	anaphor_agreement	0.9493865030674846	192	16	16*192	7413120
layers_16_hs_192_heads_12_cl_256	13	5	argument_structure	0.7778855480116392	192	16	16*192	7413120
layers_16_hs_192_heads_12_cl_256	13	5	binding	0.7646185811813595	192	16	16*192	7413120
layers_16_hs_192_heads_12_cl_256	13	5	control_raising	0.7288996906760937	192	16	16*192	7413120
layers_16_hs_192_heads_12_cl_256	13	5	determiner_noun_agreement	0.9281357730045081	192	16	16*192	7413120
layers_16_hs_192_heads_12_cl_256	13	5	ellipsis	0.7655889145496536	192	16	16*192	7413120
layers_16_hs_192_heads_12_cl_256	13	5	filler_gap	0.7237784002489884	192	16	16*192	7413120
layers_16_hs_192_heads_12_cl_256	13	5	irregular_forms	0.9267175572519084	192	16	16*192	7413120
layers_16_hs_192_heads_12_cl_256	13	5	island_effects	0.6367713004484304	192	16	16*192	7413120
layers_16_hs_192_heads_12_cl_256	13	5	npi_licensing	0.6067415730337079	192	16	16*192	7413120
layers_16_hs_192_heads_12_cl_256	13	5	quantifiers	0.7127769191138589	192	16	16*192	7413120
layers_16_hs_192_heads_12_cl_256	13	5	subject_verb_agreement	0.8473351400180669	192	16	16*192	7413120
layers_16_hs_192_heads_12_cl_256	13	5	hypernym	0.47674418604651164	192	16	16*192	7413120
layers_16_hs_192_heads_12_cl_256	13	5	qa_congruence_easy	0.5625	192	16	16*192	7413120
layers_16_hs_192_heads_12_cl_256	13	5	qa_congruence_tricky	0.3393939393939394	192	16	16*192	7413120
layers_16_hs_192_heads_12_cl_256	13	5	subject_aux_inversion	0.826787021224689	192	16	16*192	7413120
layers_16_hs_192_heads_12_cl_256	13	5	turn_taking	0.7071428571428572	192	16	16*192	7413120
layers_16_hs_384_heads_12_cl_256	13	5	anaphor_agreement	0.9769938650306749	384	16	16*384	28982016
layers_16_hs_384_heads_12_cl_256	13	5	argument_structure	0.7966779825412221	384	16	16*384	28982016
layers_16_hs_384_heads_12_cl_256	13	5	binding	0.7300385871178391	384	16	16*384	28982016
layers_16_hs_384_heads_12_cl_256	13	5	control_raising	0.7359699513919575	384	16	16*384	28982016
layers_16_hs_384_heads_12_cl_256	13	5	determiner_noun_agreement	0.943383717846725	384	16	16*384	28982016
layers_16_hs_384_heads_12_cl_256	13	5	ellipsis	0.8008083140877598	384	16	16*384	28982016
layers_16_hs_384_heads_12_cl_256	13	5	filler_gap	0.7262682850918145	384	16	16*384	28982016
layers_16_hs_384_heads_12_cl_256	13	5	irregular_forms	0.9501272264631043	384	16	16*384	28982016
layers_16_hs_384_heads_12_cl_256	13	5	island_effects	0.6278026905829597	384	16	16*384	28982016
layers_16_hs_384_heads_12_cl_256	13	5	npi_licensing	0.6469784391132706	384	16	16*384	28982016
layers_16_hs_384_heads_12_cl_256	13	5	quantifiers	0.7336424523441525	384	16	16*384	28982016
layers_16_hs_384_heads_12_cl_256	13	5	subject_verb_agreement	0.8744354110207768	384	16	16*384	28982016
layers_16_hs_384_heads_12_cl_256	13	5	hypernym	0.48372093023255813	384	16	16*384	28982016
layers_16_hs_384_heads_12_cl_256	13	5	qa_congruence_easy	0.6875	384	16	16*384	28982016
layers_16_hs_384_heads_12_cl_256	13	5	qa_congruence_tricky	0.3878787878787879	384	16	16*384	28982016
layers_16_hs_384_heads_12_cl_256	13	5	subject_aux_inversion	0.8416686996828495	384	16	16*384	28982016
layers_16_hs_384_heads_12_cl_256	13	5	turn_taking	0.7285714285714285	384	16	16*384	28982016
layers_16_hs_384_heads_12_cl_256	0	5	anaphor_agreement	0.9713701431492843	384	16	16*384	28982016
layers_16_hs_384_heads_12_cl_256	0	5	argument_structure	0.799466537342386	384	16	16*384	28982016
layers_16_hs_384_heads_12_cl_256	0	5	binding	0.7163846838824577	384	16	16*384	28982016
layers_16_hs_384_heads_12_cl_256	0	5	control_raising	0.7505523641184269	384	16	16*384	28982016
layers_16_hs_384_heads_12_cl_256	0	5	determiner_noun_agreement	0.9441792627950146	384	16	16*384	28982016
layers_16_hs_384_heads_12_cl_256	0	5	ellipsis	0.7967667436489607	384	16	16*384	28982016
layers_16_hs_384_heads_12_cl_256	0	5	filler_gap	0.7572362278244631	384	16	16*384	28982016
layers_16_hs_384_heads_12_cl_256	0	5	irregular_forms	0.8900763358778626	384	16	16*384	28982016
layers_16_hs_384_heads_12_cl_256	0	5	island_effects	0.6677877428998505	384	16	16*384	28982016
layers_16_hs_384_heads_12_cl_256	0	5	npi_licensing	0.7289705435772852	384	16	16*384	28982016
layers_16_hs_384_heads_12_cl_256	0	5	quantifiers	0.6857290056671819	384	16	16*384	28982016
layers_16_hs_384_heads_12_cl_256	0	5	subject_verb_agreement	0.8803974706413731	384	16	16*384	28982016
layers_16_hs_384_heads_12_cl_256	0	5	hypernym	0.4697674418604651	384	16	16*384	28982016
layers_16_hs_384_heads_12_cl_256	0	5	qa_congruence_easy	0.640625	384	16	16*384	28982016
layers_16_hs_384_heads_12_cl_256	0	5	qa_congruence_tricky	0.4121212121212121	384	16	16*384	28982016
layers_16_hs_384_heads_12_cl_256	0	5	subject_aux_inversion	0.8138570383020249	384	16	16*384	28982016
layers_16_hs_384_heads_12_cl_256	0	5	turn_taking	0.7464285714285714	384	16	16*384	28982016
layers_16_hs_768_heads_12_cl_256	13	5	anaphor_agreement	0.9851738241308794	768	16	16*768	113407488
layers_16_hs_768_heads_12_cl_256	13	5	argument_structure	0.7903734238603298	768	16	16*768	113407488
layers_16_hs_768_heads_12_cl_256	13	5	binding	0.7591273374888691	768	16	16*768	113407488
layers_16_hs_768_heads_12_cl_256	13	5	control_raising	0.7258064516129032	768	16	16*768	113407488
layers_16_hs_768_heads_12_cl_256	13	5	determiner_noun_agreement	0.9429859453725802	768	16	16*768	113407488
layers_16_hs_768_heads_12_cl_256	13	5	ellipsis	0.8441108545034642	768	16	16*768	113407488
layers_16_hs_768_heads_12_cl_256	13	5	filler_gap	0.7475879240585123	768	16	16*768	113407488
layers_16_hs_768_heads_12_cl_256	13	5	irregular_forms	0.9440203562340967	768	16	16*768	113407488
layers_16_hs_768_heads_12_cl_256	13	5	island_effects	0.647982062780269	768	16	16*768	113407488
layers_16_hs_768_heads_12_cl_256	13	5	npi_licensing	0.7250227755845733	768	16	16*768	113407488
layers_16_hs_768_heads_12_cl_256	13	5	quantifiers	0.73827923750644	768	16	16*768	113407488
layers_16_hs_768_heads_12_cl_256	13	5	subject_verb_agreement	0.8728093947606143	768	16	16*768	113407488
layers_16_hs_768_heads_12_cl_256	13	5	hypernym	0.46395348837209305	768	16	16*768	113407488
layers_16_hs_768_heads_12_cl_256	13	5	qa_congruence_easy	0.703125	768	16	16*768	113407488
layers_16_hs_768_heads_12_cl_256	13	5	qa_congruence_tricky	0.4909090909090909	768	16	16*768	113407488
layers_16_hs_768_heads_12_cl_256	13	5	subject_aux_inversion	0.8384971944376677	768	16	16*768	113407488
layers_16_hs_768_heads_12_cl_256	13	5	turn_taking	0.8142857142857143	768	16	16*768	113407488
layers_16_hs_768_heads_12_cl_256	0	5	anaphor_agreement	0.9769938650306749	768	16	16*768	113407488
layers_16_hs_768_heads_12_cl_256	0	5	argument_structure	0.8037099903006789	768	16	16*768	113407488
layers_16_hs_768_heads_12_cl_256	0	5	binding	0.7517067379044227	768	16	16*768	113407488
layers_16_hs_768_heads_12_cl_256	0	5	control_raising	0.7171895713654441	768	16	16*768	113407488
layers_16_hs_768_heads_12_cl_256	0	5	determiner_noun_agreement	0.9323786793953859	768	16	16*768	113407488
layers_16_hs_768_heads_12_cl_256	0	5	ellipsis	0.8048498845265589	768	16	16*768	113407488
layers_16_hs_768_heads_12_cl_256	0	5	filler_gap	0.7591036414565826	768	16	16*768	113407488
layers_16_hs_768_heads_12_cl_256	0	5	irregular_forms	0.9048346055979644	768	16	16*768	113407488
layers_16_hs_768_heads_12_cl_256	0	5	island_effects	0.656576980568012	768	16	16*768	113407488
layers_16_hs_768_heads_12_cl_256	0	5	npi_licensing	0.7064986334649256	768	16	16*768	113407488
layers_16_hs_768_heads_12_cl_256	0	5	quantifiers	0.7339000515198352	768	16	16*768	113407488
layers_16_hs_768_heads_12_cl_256	0	5	subject_verb_agreement	0.8641373080397471	768	16	16*768	113407488
layers_16_hs_768_heads_12_cl_256	0	5	hypernym	0.46395348837209305	768	16	16*768	113407488
layers_16_hs_768_heads_12_cl_256	0	5	qa_congruence_easy	0.71875	768	16	16*768	113407488
layers_16_hs_768_heads_12_cl_256	0	5	qa_congruence_tricky	0.503030303030303	768	16	16*768	113407488
layers_16_hs_768_heads_12_cl_256	0	5	subject_aux_inversion	0.8389851183215419	768	16	16*768	113407488
layers_16_hs_768_heads_12_cl_256	0	5	turn_taking	0.7857142857142857	768	16	16*768	113407488
layers_16_hs_1536_heads_12_cl_256	0	5	anaphor_agreement	0.9734151329243353	1536	16	16*1536	455666688
layers_16_hs_1536_heads_12_cl_256	0	5	argument_structure	0.8001939864209505	1536	16	16*1536	455666688
layers_16_hs_1536_heads_12_cl_256	0	5	binding	0.7460670822202434	1536	16	16*1536	455666688
layers_16_hs_1536_heads_12_cl_256	0	5	control_raising	0.7514361467079098	1536	16	16*1536	455666688
layers_16_hs_1536_heads_12_cl_256	0	5	determiner_noun_agreement	0.9535932113497746	1536	16	16*1536	455666688
layers_16_hs_1536_heads_12_cl_256	0	5	ellipsis	0.859122401847575	1536	16	16*1536	455666688
layers_16_hs_1536_heads_12_cl_256	0	5	filler_gap	0.7567693744164332	1536	16	16*1536	455666688
layers_16_hs_1536_heads_12_cl_256	0	5	irregular_forms	0.9114503816793893	1536	16	16*1536	455666688
layers_16_hs_1536_heads_12_cl_256	0	5	island_effects	0.6786248131539612	1536	16	16*1536	455666688
layers_16_hs_1536_heads_12_cl_256	0	5	npi_licensing	0.6692985119951412	1536	16	16*1536	455666688
layers_16_hs_1536_heads_12_cl_256	0	5	quantifiers	0.747552807831015	1536	16	16*1536	455666688
layers_16_hs_1536_heads_12_cl_256	0	5	subject_verb_agreement	0.8798554652213189	1536	16	16*1536	455666688
layers_16_hs_1536_heads_12_cl_256	0	5	hypernym	0.4558139534883721	1536	16	16*1536	455666688
layers_16_hs_1536_heads_12_cl_256	0	5	qa_congruence_easy	0.75	1536	16	16*1536	455666688
layers_16_hs_1536_heads_12_cl_256	0	5	qa_congruence_tricky	0.509090909090909	1536	16	16*1536	455666688
layers_16_hs_1536_heads_12_cl_256	0	5	subject_aux_inversion	0.8253232495730666	1536	16	16*1536	455666688
layers_16_hs_1536_heads_12_cl_256	0	5	turn_taking	0.7821428571428571	1536	16	16*1536	455666688
layers_16_hs_1536_heads_12_cl_256	13	5	anaphor_agreement	0.9734151329243353	1536	16	16*1536	455666688
layers_16_hs_1536_heads_12_cl_256	13	5	argument_structure	0.7941319107662463	1536	16	16*1536	455666688
layers_16_hs_1536_heads_12_cl_256	13	5	binding	0.7671415850400712	1536	16	16*1536	455666688
layers_16_hs_1536_heads_12_cl_256	13	5	control_raising	0.7467962881131242	1536	16	16*1536	455666688
layers_16_hs_1536_heads_12_cl_256	13	5	determiner_noun_agreement	0.9551843012463538	1536	16	16*1536	455666688
layers_16_hs_1536_heads_12_cl_256	13	5	ellipsis	0.7869515011547344	1536	16	16*1536	455666688
layers_16_hs_1536_heads_12_cl_256	13	5	filler_gap	0.7426081543728602	1536	16	16*1536	455666688
layers_16_hs_1536_heads_12_cl_256	13	5	irregular_forms	0.9190839694656489	1536	16	16*1536	455666688
layers_16_hs_1536_heads_12_cl_256	13	5	island_effects	0.7051569506726457	1536	16	16*1536	455666688
layers_16_hs_1536_heads_12_cl_256	13	5	npi_licensing	0.7317036137260856	1536	16	16*1536	455666688
layers_16_hs_1536_heads_12_cl_256	13	5	quantifiers	0.7424008243173622	1536	16	16*1536	455666688
layers_16_hs_1536_heads_12_cl_256	13	5	subject_verb_agreement	0.8702800361336946	1536	16	16*1536	455666688
layers_16_hs_1536_heads_12_cl_256	13	5	hypernym	0.45813953488372094	1536	16	16*1536	455666688
layers_16_hs_1536_heads_12_cl_256	13	5	qa_congruence_easy	0.640625	1536	16	16*1536	455666688
layers_16_hs_1536_heads_12_cl_256	13	5	qa_congruence_tricky	0.509090909090909	1536	16	16*1536	455666688
layers_16_hs_1536_heads_12_cl_256	13	5	subject_aux_inversion	0.8831422298121493	1536	16	16*1536	455666688
layers_16_hs_1536_heads_12_cl_256	13	5	turn_taking	0.7642857142857142	1536	16	16*1536	455666688
layers_24_hs_192_heads_12_cl_256	0	5	anaphor_agreement	0.9473415132924335	192	24	24*192	10972032
layers_24_hs_192_heads_12_cl_256	0	5	argument_structure	0.7863724539282251	192	24	24*192	10972032
layers_24_hs_192_heads_12_cl_256	0	5	binding	0.7352330068269516	192	24	24*192	10972032
layers_24_hs_192_heads_12_cl_256	0	5	control_raising	0.7171895713654441	192	24	24*192	10972032
layers_24_hs_192_heads_12_cl_256	0	5	determiner_noun_agreement	0.9331742243436754	192	24	24*192	10972032
layers_24_hs_192_heads_12_cl_256	0	5	ellipsis	0.7777136258660509	192	24	24*192	10972032
layers_24_hs_192_heads_12_cl_256	0	5	filler_gap	0.7270463741051977	192	24	24*192	10972032
layers_24_hs_192_heads_12_cl_256	0	5	irregular_forms	0.9358778625954198	192	24	24*192	10972032
layers_24_hs_192_heads_12_cl_256	0	5	island_effects	0.6532137518684604	192	24	24*192	10972032
layers_24_hs_192_heads_12_cl_256	0	5	npi_licensing	0.686000607348922	192	24	24*192	10972032
layers_24_hs_192_heads_12_cl_256	0	5	quantifiers	0.6509531169500258	192	24	24*192	10972032
layers_24_hs_192_heads_12_cl_256	0	5	subject_verb_agreement	0.8484191508581752	192	24	24*192	10972032
layers_24_hs_192_heads_12_cl_256	0	5	hypernym	0.4790697674418605	192	24	24*192	10972032
layers_24_hs_192_heads_12_cl_256	0	5	qa_congruence_easy	0.609375	192	24	24*192	10972032
layers_24_hs_192_heads_12_cl_256	0	5	qa_congruence_tricky	0.3393939393939394	192	24	24*192	10972032
layers_24_hs_192_heads_12_cl_256	0	5	subject_aux_inversion	0.8404488899731641	192	24	24*192	10972032
layers_24_hs_192_heads_12_cl_256	0	5	turn_taking	0.7357142857142858	192	24	24*192	10972032
layers_24_hs_192_heads_12_cl_256	13	5	anaphor_agreement	0.962678936605317	192	24	24*192	10972032
layers_24_hs_192_heads_12_cl_256	13	5	argument_structure	0.7907371483996121	192	24	24*192	10972032
layers_24_hs_192_heads_12_cl_256	13	5	binding	0.7487384980706441	192	24	24*192	10972032
layers_24_hs_192_heads_12_cl_256	13	5	control_raising	0.7202828104286345	192	24	24*192	10972032
layers_24_hs_192_heads_12_cl_256	13	5	determiner_noun_agreement	0.9391408114558473	192	24	24*192	10972032
layers_24_hs_192_heads_12_cl_256	13	5	ellipsis	0.7488452655889145	192	24	24*192	10972032
layers_24_hs_192_heads_12_cl_256	13	5	filler_gap	0.735605353252412	192	24	24*192	10972032
layers_24_hs_192_heads_12_cl_256	13	5	irregular_forms	0.8427480916030534	192	24	24*192	10972032
layers_24_hs_192_heads_12_cl_256	13	5	island_effects	0.5896860986547086	192	24	24*192	10972032
layers_24_hs_192_heads_12_cl_256	13	5	npi_licensing	0.6248102034618889	192	24	24*192	10972032
layers_24_hs_192_heads_12_cl_256	13	5	quantifiers	0.6609994848016486	192	24	24*192	10972032
layers_24_hs_192_heads_12_cl_256	13	5	subject_verb_agreement	0.8364950316169828	192	24	24*192	10972032
layers_24_hs_192_heads_12_cl_256	13	5	hypernym	0.48372093023255813	192	24	24*192	10972032
layers_24_hs_192_heads_12_cl_256	13	5	qa_congruence_easy	0.625	192	24	24*192	10972032
layers_24_hs_192_heads_12_cl_256	13	5	qa_congruence_tricky	0.4121212121212121	192	24	24*192	10972032
layers_24_hs_192_heads_12_cl_256	13	5	subject_aux_inversion	0.877775067089534	192	24	24*192	10972032
layers_24_hs_192_heads_12_cl_256	13	5	turn_taking	0.7071428571428572	192	24	24*192	10972032
layers_24_hs_384_heads_12_cl_256	13	5	anaphor_agreement	0.9800613496932515	384	24	24*384	43177728
layers_24_hs_384_heads_12_cl_256	13	5	argument_structure	0.8031037827352085	384	24	24*384	43177728
layers_24_hs_384_heads_12_cl_256	13	5	binding	0.7310774710596616	384	24	24*384	43177728
layers_24_hs_384_heads_12_cl_256	13	5	control_raising	0.7514361467079098	384	24	24*384	43177728
layers_24_hs_384_heads_12_cl_256	13	5	determiner_noun_agreement	0.9498806682577565	384	24	24*384	43177728
layers_24_hs_384_heads_12_cl_256	13	5	ellipsis	0.8117782909930716	384	24	24*384	43177728
layers_24_hs_384_heads_12_cl_256	13	5	filler_gap	0.7401182695300342	384	24	24*384	43177728
layers_24_hs_384_heads_12_cl_256	13	5	irregular_forms	0.8666666666666667	384	24	24*384	43177728
layers_24_hs_384_heads_12_cl_256	13	5	island_effects	0.6315396113602392	384	24	24*384	43177728
layers_24_hs_384_heads_12_cl_256	13	5	npi_licensing	0.7470391740054662	384	24	24*384	43177728
layers_24_hs_384_heads_12_cl_256	13	5	quantifiers	0.6841834106130861	384	24	24*384	43177728
layers_24_hs_384_heads_12_cl_256	13	5	subject_verb_agreement	0.8778681120144535	384	24	24*384	43177728
layers_24_hs_384_heads_12_cl_256	13	5	hypernym	0.47325581395348837	384	24	24*384	43177728
layers_24_hs_384_heads_12_cl_256	13	5	qa_congruence_easy	0.734375	384	24	24*384	43177728
layers_24_hs_384_heads_12_cl_256	13	5	qa_congruence_tricky	0.5575757575757576	384	24	24*384	43177728
layers_24_hs_384_heads_12_cl_256	13	5	subject_aux_inversion	0.8543547206635764	384	24	24*384	43177728
layers_24_hs_384_heads_12_cl_256	13	5	turn_taking	0.7321428571428571	384	24	24*384	43177728
layers_24_hs_384_heads_12_cl_256	0	5	anaphor_agreement	0.9631901840490797	384	24	24*384	43177728
layers_24_hs_384_heads_12_cl_256	0	5	argument_structure	0.7925557710960233	384	24	24*384	43177728
layers_24_hs_384_heads_12_cl_256	0	5	binding	0.7399821905609973	384	24	24*384	43177728
layers_24_hs_384_heads_12_cl_256	0	5	control_raising	0.7505523641184269	384	24	24*384	43177728
layers_24_hs_384_heads_12_cl_256	0	5	determiner_noun_agreement	0.9477592150623176	384	24	24*384	43177728
layers_24_hs_384_heads_12_cl_256	0	5	ellipsis	0.8181293302540416	384	24	24*384	43177728
layers_24_hs_384_heads_12_cl_256	0	5	filler_gap	0.7482103952692188	384	24	24*384	43177728
layers_24_hs_384_heads_12_cl_256	0	5	irregular_forms	0.9292620865139949	384	24	24*384	43177728
layers_24_hs_384_heads_12_cl_256	0	5	island_effects	0.6730194319880418	384	24	24*384	43177728
layers_24_hs_384_heads_12_cl_256	0	5	npi_licensing	0.7459763133920437	384	24	24*384	43177728
layers_24_hs_384_heads_12_cl_256	0	5	quantifiers	0.7053065430190624	384	24	24*384	43177728
layers_24_hs_384_heads_12_cl_256	0	5	subject_verb_agreement	0.8612466124661247	384	24	24*384	43177728
layers_24_hs_384_heads_12_cl_256	0	5	hypernym	0.4790697674418605	384	24	24*384	43177728
layers_24_hs_384_heads_12_cl_256	0	5	qa_congruence_easy	0.640625	384	24	24*384	43177728
layers_24_hs_384_heads_12_cl_256	0	5	qa_congruence_tricky	0.43636363636363634	384	24	24*384	43177728
layers_24_hs_384_heads_12_cl_256	0	5	subject_aux_inversion	0.8084898755794097	384	24	24*384	43177728
layers_24_hs_384_heads_12_cl_256	0	5	turn_taking	0.7285714285714285	384	24	24*384	43177728
layers_24_hs_768_heads_12_cl_256	13	5	anaphor_agreement	0.9877300613496932	768	24	24*768	170110464
layers_24_hs_768_heads_12_cl_256	13	5	argument_structure	0.8043161978661494	768	24	24*768	170110464
layers_24_hs_768_heads_12_cl_256	13	5	binding	0.7484416740872663	768	24	24*768	170110464
layers_24_hs_768_heads_12_cl_256	13	5	control_raising	0.7346442775077331	768	24	24*768	170110464
layers_24_hs_768_heads_12_cl_256	13	5	determiner_noun_agreement	0.9409970830018562	768	24	24*768	170110464
layers_24_hs_768_heads_12_cl_256	13	5	ellipsis	0.8071593533487298	768	24	24*768	170110464
layers_24_hs_768_heads_12_cl_256	13	5	filler_gap	0.7598817304699658	768	24	24*768	170110464
layers_24_hs_768_heads_12_cl_256	13	5	irregular_forms	0.9114503816793893	768	24	24*768	170110464
layers_24_hs_768_heads_12_cl_256	13	5	island_effects	0.6823617339312407	768	24	24*768	170110464
layers_24_hs_768_heads_12_cl_256	13	5	npi_licensing	0.6917704221075007	768	24	24*768	170110464
layers_24_hs_768_heads_12_cl_256	13	5	quantifiers	0.7807831014940753	768	24	24*768	170110464
layers_24_hs_768_heads_12_cl_256	13	5	subject_verb_agreement	0.8789521228545619	768	24	24*768	170110464
layers_24_hs_768_heads_12_cl_256	13	5	hypernym	0.4872093023255814	768	24	24*768	170110464
layers_24_hs_768_heads_12_cl_256	13	5	qa_congruence_easy	0.71875	768	24	24*768	170110464
layers_24_hs_768_heads_12_cl_256	13	5	qa_congruence_tricky	0.4666666666666667	768	24	24*768	170110464
layers_24_hs_768_heads_12_cl_256	13	5	subject_aux_inversion	0.8414247377409124	768	24	24*768	170110464
layers_24_hs_768_heads_12_cl_256	13	5	turn_taking	0.7928571428571428	768	24	24*768	170110464
layers_24_hs_768_heads_12_cl_256	0	5	anaphor_agreement	0.9821063394683026	768	24	24*768	170110464
layers_24_hs_768_heads_12_cl_256	0	5	argument_structure	0.7924345295829291	768	24	24*768	170110464
layers_24_hs_768_heads_12_cl_256	0	5	binding	0.7793113683585634	768	24	24*768	170110464
layers_24_hs_768_heads_12_cl_256	0	5	control_raising	0.7386212991604065	768	24	24*768	170110464
layers_24_hs_768_heads_12_cl_256	0	5	determiner_noun_agreement	0.9445770352691594	768	24	24*768	170110464
layers_24_hs_768_heads_12_cl_256	0	5	ellipsis	0.8724018475750578	768	24	24*768	170110464
layers_24_hs_768_heads_12_cl_256	0	5	filler_gap	0.7603485838779956	768	24	24*768	170110464
layers_24_hs_768_heads_12_cl_256	0	5	irregular_forms	0.9195928753180661	768	24	24*768	170110464
layers_24_hs_768_heads_12_cl_256	0	5	island_effects	0.6816143497757847	768	24	24*768	170110464
layers_24_hs_768_heads_12_cl_256	0	5	npi_licensing	0.7084725174612815	768	24	24*768	170110464
layers_24_hs_768_heads_12_cl_256	0	5	quantifiers	0.7542503863987635	768	24	24*768	170110464
layers_24_hs_768_heads_12_cl_256	0	5	subject_verb_agreement	0.870460704607046	768	24	24*768	170110464
layers_24_hs_768_heads_12_cl_256	0	5	hypernym	0.45930232558139533	768	24	24*768	170110464
layers_24_hs_768_heads_12_cl_256	0	5	qa_congruence_easy	0.71875	768	24	24*768	170110464
layers_24_hs_768_heads_12_cl_256	0	5	qa_congruence_tricky	0.46060606060606063	768	24	24*768	170110464
layers_24_hs_768_heads_12_cl_256	0	5	subject_aux_inversion	0.8897292022444498	768	24	24*768	170110464
layers_24_hs_768_heads_12_cl_256	0	5	turn_taking	0.7642857142857142	768	24	24*768	170110464
layers_24_hs_1536_heads_12_cl_256	0	5	anaphor_agreement	0.9882413087934561	1536	24	24*1536	682318848
layers_24_hs_1536_heads_12_cl_256	0	5	argument_structure	0.7845538312318138	1536	24	24*1536	682318848
layers_24_hs_1536_heads_12_cl_256	0	5	binding	0.7807954882754526	1536	24	24*1536	682318848
layers_24_hs_1536_heads_12_cl_256	0	5	control_raising	0.7503314184710561	1536	24	24*1536	682318848
layers_24_hs_1536_heads_12_cl_256	0	5	determiner_noun_agreement	0.9383452665075577	1536	24	24*1536	682318848
layers_24_hs_1536_heads_12_cl_256	0	5	ellipsis	0.8400692840646651	1536	24	24*1536	682318848
layers_24_hs_1536_heads_12_cl_256	0	5	filler_gap	0.7615935262994087	1536	24	24*1536	682318848
layers_24_hs_1536_heads_12_cl_256	0	5	irregular_forms	0.8412213740458016	1536	24	24*1536	682318848
layers_24_hs_1536_heads_12_cl_256	0	5	island_effects	0.6980568011958147	1536	24	24*1536	682318848
layers_24_hs_1536_heads_12_cl_256	0	5	npi_licensing	0.6878226541147889	1536	24	24*1536	682318848
layers_24_hs_1536_heads_12_cl_256	0	5	quantifiers	0.7452344152498712	1536	24	24*1536	682318848
layers_24_hs_1536_heads_12_cl_256	0	5	subject_verb_agreement	0.8822041553748871	1536	24	24*1536	682318848
layers_24_hs_1536_heads_12_cl_256	0	5	hypernym	0.46511627906976744	1536	24	24*1536	682318848
layers_24_hs_1536_heads_12_cl_256	0	5	qa_congruence_easy	0.640625	1536	24	24*1536	682318848
layers_24_hs_1536_heads_12_cl_256	0	5	qa_congruence_tricky	0.5818181818181818	1536	24	24*1536	682318848
layers_24_hs_1536_heads_12_cl_256	0	5	subject_aux_inversion	0.8965601366186875	1536	24	24*1536	682318848
layers_24_hs_1536_heads_12_cl_256	0	5	turn_taking	0.775	1536	24	24*1536	682318848
layers_24_hs_1536_heads_12_cl_256	13	5	anaphor_agreement	0.9775051124744376	1536	24	24*1536	682318848
layers_24_hs_1536_heads_12_cl_256	13	5	argument_structure	0.7991028128031038	1536	24	24*1536	682318848
layers_24_hs_1536_heads_12_cl_256	13	5	binding	0.7560106856634016	1536	24	24*1536	682318848
layers_24_hs_1536_heads_12_cl_256	13	5	control_raising	0.7691117984975696	1536	24	24*1536	682318848
layers_24_hs_1536_heads_12_cl_256	13	5	determiner_noun_agreement	0.9461681251657386	1536	24	24*1536	682318848
layers_24_hs_1536_heads_12_cl_256	13	5	ellipsis	0.8083140877598153	1536	24	24*1536	682318848
layers_24_hs_1536_heads_12_cl_256	13	5	filler_gap	0.7458761282290695	1536	24	24*1536	682318848
layers_24_hs_1536_heads_12_cl_256	13	5	irregular_forms	0.9027989821882951	1536	24	24*1536	682318848
layers_24_hs_1536_heads_12_cl_256	13	5	island_effects	0.7085201793721974	1536	24	24*1536	682318848
layers_24_hs_1536_heads_12_cl_256	13	5	npi_licensing	0.7066504706954145	1536	24	24*1536	682318848
layers_24_hs_1536_heads_12_cl_256	13	5	quantifiers	0.7545079855744462	1536	24	24*1536	682318848
layers_24_hs_1536_heads_12_cl_256	13	5	subject_verb_agreement	0.8679313459801264	1536	24	24*1536	682318848
layers_24_hs_1536_heads_12_cl_256	13	5	hypernym	0.4627906976744186	1536	24	24*1536	682318848
layers_24_hs_1536_heads_12_cl_256	13	5	qa_congruence_easy	0.71875	1536	24	24*1536	682318848
layers_24_hs_1536_heads_12_cl_256	13	5	qa_congruence_tricky	0.4727272727272727	1536	24	24*1536	682318848
layers_24_hs_1536_heads_12_cl_256	13	5	subject_aux_inversion	0.856306416199073	1536	24	24*1536	682318848
layers_24_hs_1536_heads_12_cl_256	13	5	turn_taking	0.7857142857142857	1536	24	24*1536	682318848
